ISO-10303-21;
HEADER;
/* Generated by software containing ST-Developer
 * from STEP Tools, Inc. (www.steptools.com) 
 */

FILE_DESCRIPTION(
/* description */ (''),
/* implementation_level */ '2;1');

FILE_NAME(
/* name */ 'TOP.step',
/* time_stamp */ '2026-06-08T21:33:02-04:00',
/* author */ (''),
/* organization */ (''),
/* preprocessor_version */ 'ST-DEVELOPER v20.1',
/* originating_system */ 'Autodesk Translation Framework v15.8.0.0',
/* authorisation */ '');

FILE_SCHEMA (('AUTOMOTIVE_DESIGN { 1 0 10303 214 3 1 1 }'));
ENDSEC;

DATA;
#10=MECHANICAL_DESIGN_GEOMETRIC_PRESENTATION_REPRESENTATION('',(#13),#2114);
#11=SHAPE_REPRESENTATION_RELATIONSHIP('SRR','None',#2121,#12);
#12=ADVANCED_BREP_SHAPE_REPRESENTATION('',(#14),#2113);
#13=STYLED_ITEM('',(#2131),#14);
#14=MANIFOLD_SOLID_BREP('case top',#1322);
#15=CYLINDRICAL_SURFACE('',#1405,2.445);
#16=CYLINDRICAL_SURFACE('',#1407,2.445);
#17=CYLINDRICAL_SURFACE('',#1409,2.445);
#18=CYLINDRICAL_SURFACE('',#1411,2.445);
#19=FACE_BOUND('',#125,.T.);
#20=FACE_BOUND('',#143,.T.);
#21=FACE_BOUND('',#144,.T.);
#22=FACE_BOUND('',#145,.T.);
#23=FACE_BOUND('',#147,.T.);
#24=FACE_BOUND('',#148,.T.);
#25=FACE_BOUND('',#149,.T.);
#26=FACE_BOUND('',#170,.T.);
#27=CIRCLE('',#1346,2.445);
#28=CIRCLE('',#1360,2.445);
#29=CIRCLE('',#1361,2.445);
#30=CIRCLE('',#1362,2.445);
#31=CIRCLE('',#1363,2.445);
#32=CIRCLE('',#1364,2.445);
#33=CIRCLE('',#1401,2.445);
#34=CIRCLE('',#1402,2.445);
#35=CIRCLE('',#1403,2.445);
#36=CIRCLE('',#1404,2.445);
#37=FACE_OUTER_BOUND('',#104,.T.);
#38=FACE_OUTER_BOUND('',#105,.T.);
#39=FACE_OUTER_BOUND('',#106,.T.);
#40=FACE_OUTER_BOUND('',#107,.T.);
#41=FACE_OUTER_BOUND('',#108,.T.);
#42=FACE_OUTER_BOUND('',#109,.T.);
#43=FACE_OUTER_BOUND('',#110,.T.);
#44=FACE_OUTER_BOUND('',#111,.T.);
#45=FACE_OUTER_BOUND('',#112,.T.);
#46=FACE_OUTER_BOUND('',#113,.T.);
#47=FACE_OUTER_BOUND('',#114,.T.);
#48=FACE_OUTER_BOUND('',#115,.T.);
#49=FACE_OUTER_BOUND('',#116,.T.);
#50=FACE_OUTER_BOUND('',#117,.T.);
#51=FACE_OUTER_BOUND('',#118,.T.);
#52=FACE_OUTER_BOUND('',#119,.T.);
#53=FACE_OUTER_BOUND('',#120,.T.);
#54=FACE_OUTER_BOUND('',#121,.T.);
#55=FACE_OUTER_BOUND('',#122,.T.);
#56=FACE_OUTER_BOUND('',#123,.T.);
#57=FACE_OUTER_BOUND('',#124,.T.);
#58=FACE_OUTER_BOUND('',#126,.T.);
#59=FACE_OUTER_BOUND('',#127,.T.);
#60=FACE_OUTER_BOUND('',#128,.T.);
#61=FACE_OUTER_BOUND('',#129,.T.);
#62=FACE_OUTER_BOUND('',#130,.T.);
#63=FACE_OUTER_BOUND('',#131,.T.);
#64=FACE_OUTER_BOUND('',#132,.T.);
#65=FACE_OUTER_BOUND('',#133,.T.);
#66=FACE_OUTER_BOUND('',#134,.T.);
#67=FACE_OUTER_BOUND('',#135,.T.);
#68=FACE_OUTER_BOUND('',#136,.T.);
#69=FACE_OUTER_BOUND('',#137,.T.);
#70=FACE_OUTER_BOUND('',#138,.T.);
#71=FACE_OUTER_BOUND('',#139,.T.);
#72=FACE_OUTER_BOUND('',#140,.T.);
#73=FACE_OUTER_BOUND('',#141,.T.);
#74=FACE_OUTER_BOUND('',#142,.T.);
#75=FACE_OUTER_BOUND('',#146,.T.);
#76=FACE_OUTER_BOUND('',#150,.T.);
#77=FACE_OUTER_BOUND('',#151,.T.);
#78=FACE_OUTER_BOUND('',#152,.T.);
#79=FACE_OUTER_BOUND('',#153,.T.);
#80=FACE_OUTER_BOUND('',#154,.T.);
#81=FACE_OUTER_BOUND('',#155,.T.);
#82=FACE_OUTER_BOUND('',#156,.T.);
#83=FACE_OUTER_BOUND('',#157,.T.);
#84=FACE_OUTER_BOUND('',#158,.T.);
#85=FACE_OUTER_BOUND('',#159,.T.);
#86=FACE_OUTER_BOUND('',#160,.T.);
#87=FACE_OUTER_BOUND('',#161,.T.);
#88=FACE_OUTER_BOUND('',#162,.T.);
#89=FACE_OUTER_BOUND('',#163,.T.);
#90=FACE_OUTER_BOUND('',#164,.T.);
#91=FACE_OUTER_BOUND('',#165,.T.);
#92=FACE_OUTER_BOUND('',#166,.T.);
#93=FACE_OUTER_BOUND('',#167,.T.);
#94=FACE_OUTER_BOUND('',#168,.T.);
#95=FACE_OUTER_BOUND('',#169,.T.);
#96=FACE_OUTER_BOUND('',#171,.T.);
#97=FACE_OUTER_BOUND('',#172,.T.);
#98=FACE_OUTER_BOUND('',#173,.T.);
#99=FACE_OUTER_BOUND('',#174,.T.);
#100=FACE_OUTER_BOUND('',#175,.T.);
#101=FACE_OUTER_BOUND('',#176,.T.);
#102=FACE_OUTER_BOUND('',#177,.T.);
#103=FACE_OUTER_BOUND('',#178,.T.);
#104=EDGE_LOOP('',(#826,#827,#828,#829));
#105=EDGE_LOOP('',(#830,#831,#832,#833));
#106=EDGE_LOOP('',(#834,#835,#836,#837));
#107=EDGE_LOOP('',(#838,#839,#840,#841));
#108=EDGE_LOOP('',(#842,#843,#844,#845));
#109=EDGE_LOOP('',(#846,#847,#848,#849));
#110=EDGE_LOOP('',(#850,#851,#852,#853));
#111=EDGE_LOOP('',(#854,#855,#856,#857));
#112=EDGE_LOOP('',(#858,#859,#860,#861));
#113=EDGE_LOOP('',(#862,#863,#864,#865,#866));
#114=EDGE_LOOP('',(#867,#868,#869,#870));
#115=EDGE_LOOP('',(#871,#872,#873,#874));
#116=EDGE_LOOP('',(#875,#876,#877,#878));
#117=EDGE_LOOP('',(#879,#880,#881,#882));
#118=EDGE_LOOP('',(#883,#884,#885,#886));
#119=EDGE_LOOP('',(#887,#888,#889,#890));
#120=EDGE_LOOP('',(#891,#892,#893,#894));
#121=EDGE_LOOP('',(#895,#896,#897,#898));
#122=EDGE_LOOP('',(#899,#900,#901,#902,#903,#904,#905,#906,#907,#908,#909,
#910));
#123=EDGE_LOOP('',(#911,#912,#913,#914,#915,#916,#917,#918,#919,#920,#921,
#922));
#124=EDGE_LOOP('',(#923,#924,#925,#926,#927,#928,#929,#930));
#125=EDGE_LOOP('',(#931,#932,#933,#934,#935,#936,#937,#938,#939,#940,#941,
#942,#943,#944,#945,#946,#947,#948,#949,#950));
#126=EDGE_LOOP('',(#951,#952,#953,#954,#955,#956,#957,#958,#959,#960,#961,
#962));
#127=EDGE_LOOP('',(#963,#964,#965,#966,#967,#968,#969,#970,#971,#972,#973,
#974,#975,#976,#977,#978,#979,#980,#981,#982,#983));
#128=EDGE_LOOP('',(#984,#985,#986,#987));
#129=EDGE_LOOP('',(#988,#989,#990,#991));
#130=EDGE_LOOP('',(#992,#993,#994,#995));
#131=EDGE_LOOP('',(#996,#997,#998,#999));
#132=EDGE_LOOP('',(#1000,#1001,#1002));
#133=EDGE_LOOP('',(#1003,#1004,#1005));
#134=EDGE_LOOP('',(#1006,#1007,#1008,#1009));
#135=EDGE_LOOP('',(#1010,#1011,#1012));
#136=EDGE_LOOP('',(#1013,#1014,#1015,#1016));
#137=EDGE_LOOP('',(#1017,#1018,#1019));
#138=EDGE_LOOP('',(#1020,#1021,#1022,#1023));
#139=EDGE_LOOP('',(#1024,#1025,#1026,#1027));
#140=EDGE_LOOP('',(#1028,#1029,#1030,#1031));
#141=EDGE_LOOP('',(#1032,#1033,#1034,#1035));
#142=EDGE_LOOP('',(#1036,#1037,#1038,#1039));
#143=EDGE_LOOP('',(#1040,#1041,#1042,#1043));
#144=EDGE_LOOP('',(#1044,#1045,#1046,#1047));
#145=EDGE_LOOP('',(#1048,#1049,#1050,#1051));
#146=EDGE_LOOP('',(#1052,#1053,#1054,#1055,#1056,#1057,#1058,#1059));
#147=EDGE_LOOP('',(#1060,#1061,#1062,#1063));
#148=EDGE_LOOP('',(#1064,#1065,#1066,#1067));
#149=EDGE_LOOP('',(#1068,#1069,#1070,#1071));
#150=EDGE_LOOP('',(#1072,#1073,#1074,#1075));
#151=EDGE_LOOP('',(#1076,#1077,#1078,#1079));
#152=EDGE_LOOP('',(#1080,#1081,#1082,#1083));
#153=EDGE_LOOP('',(#1084,#1085,#1086,#1087));
#154=EDGE_LOOP('',(#1088,#1089,#1090,#1091));
#155=EDGE_LOOP('',(#1092,#1093,#1094,#1095));
#156=EDGE_LOOP('',(#1096,#1097,#1098,#1099));
#157=EDGE_LOOP('',(#1100,#1101,#1102,#1103));
#158=EDGE_LOOP('',(#1104,#1105,#1106,#1107));
#159=EDGE_LOOP('',(#1108,#1109,#1110,#1111));
#160=EDGE_LOOP('',(#1112,#1113,#1114,#1115));
#161=EDGE_LOOP('',(#1116,#1117,#1118));
#162=EDGE_LOOP('',(#1119,#1120,#1121,#1122));
#163=EDGE_LOOP('',(#1123,#1124,#1125));
#164=EDGE_LOOP('',(#1126,#1127,#1128,#1129));
#165=EDGE_LOOP('',(#1130,#1131,#1132));
#166=EDGE_LOOP('',(#1133,#1134,#1135,#1136));
#167=EDGE_LOOP('',(#1137,#1138,#1139));
#168=EDGE_LOOP('',(#1140,#1141,#1142,#1143));
#169=EDGE_LOOP('',(#1144,#1145,#1146,#1147));
#170=EDGE_LOOP('',(#1148,#1149,#1150,#1151,#1152,#1153,#1154,#1155));
#171=EDGE_LOOP('',(#1156,#1157,#1158,#1159));
#172=EDGE_LOOP('',(#1160,#1161,#1162,#1163));
#173=EDGE_LOOP('',(#1164,#1165,#1166,#1167));
#174=EDGE_LOOP('',(#1168,#1169,#1170,#1171));
#175=EDGE_LOOP('',(#1172,#1173,#1174,#1175,#1176,#1177,#1178,#1179));
#176=EDGE_LOOP('',(#1180,#1181,#1182,#1183));
#177=EDGE_LOOP('',(#1184,#1185,#1186,#1187));
#178=EDGE_LOOP('',(#1188,#1189,#1190,#1191));
#179=LINE('',#1746,#352);
#180=LINE('',#1748,#353);
#181=LINE('',#1750,#354);
#182=LINE('',#1751,#355);
#183=LINE('',#1754,#356);
#184=LINE('',#1756,#357);
#185=LINE('',#1757,#358);
#186=LINE('',#1761,#359);
#187=LINE('',#1763,#360);
#188=LINE('',#1765,#361);
#189=LINE('',#1766,#362);
#190=LINE('',#1770,#363);
#191=LINE('',#1772,#364);
#192=LINE('',#1774,#365);
#193=LINE('',#1775,#366);
#194=LINE('',#1778,#367);
#195=LINE('',#1780,#368);
#196=LINE('',#1781,#369);
#197=LINE('',#1785,#370);
#198=LINE('',#1787,#371);
#199=LINE('',#1789,#372);
#200=LINE('',#1790,#373);
#201=LINE('',#1793,#374);
#202=LINE('',#1795,#375);
#203=LINE('',#1796,#376);
#204=LINE('',#1800,#377);
#205=LINE('',#1802,#378);
#206=LINE('',#1804,#379);
#207=LINE('',#1805,#380);
#208=LINE('',#1808,#381);
#209=LINE('',#1810,#382);
#210=LINE('',#1811,#383);
#211=LINE('',#1816,#384);
#212=LINE('',#1818,#385);
#213=LINE('',#1819,#386);
#214=LINE('',#1823,#387);
#215=LINE('',#1824,#388);
#216=LINE('',#1825,#389);
#217=LINE('',#1828,#390);
#218=LINE('',#1829,#391);
#219=LINE('',#1832,#392);
#220=LINE('',#1833,#393);
#221=LINE('',#1836,#394);
#222=LINE('',#1837,#395);
#223=LINE('',#1840,#396);
#224=LINE('',#1842,#397);
#225=LINE('',#1843,#398);
#226=LINE('',#1845,#399);
#227=LINE('',#1848,#400);
#228=LINE('',#1850,#401);
#229=LINE('',#1851,#402);
#230=LINE('',#1853,#403);
#231=LINE('',#1856,#404);
#232=LINE('',#1858,#405);
#233=LINE('',#1860,#406);
#234=LINE('',#1862,#407);
#235=LINE('',#1864,#408);
#236=LINE('',#1866,#409);
#237=LINE('',#1868,#410);
#238=LINE('',#1870,#411);
#239=LINE('',#1871,#412);
#240=LINE('',#1873,#413);
#241=LINE('',#1875,#414);
#242=LINE('',#1877,#415);
#243=LINE('',#1879,#416);
#244=LINE('',#1881,#417);
#245=LINE('',#1883,#418);
#246=LINE('',#1885,#419);
#247=LINE('',#1886,#420);
#248=LINE('',#1890,#421);
#249=LINE('',#1892,#422);
#250=LINE('',#1894,#423);
#251=LINE('',#1896,#424);
#252=LINE('',#1898,#425);
#253=LINE('',#1900,#426);
#254=LINE('',#1902,#427);
#255=LINE('',#1903,#428);
#256=LINE('',#1904,#429);
#257=LINE('',#1905,#430);
#258=LINE('',#1907,#431);
#259=LINE('',#1908,#432);
#260=LINE('',#1911,#433);
#261=LINE('',#1913,#434);
#262=LINE('',#1915,#435);
#263=LINE('',#1917,#436);
#264=LINE('',#1919,#437);
#265=LINE('',#1920,#438);
#266=LINE('',#1923,#439);
#267=LINE('',#1925,#440);
#268=LINE('',#1927,#441);
#269=LINE('',#1929,#442);
#270=LINE('',#1930,#443);
#271=LINE('',#1934,#444);
#272=LINE('',#1938,#445);
#273=LINE('',#1942,#446);
#274=LINE('',#1946,#447);
#275=LINE('',#1950,#448);
#276=LINE('',#1952,#449);
#277=LINE('',#1953,#450);
#278=LINE('',#1956,#451);
#279=LINE('',#1957,#452);
#280=LINE('',#1960,#453);
#281=LINE('',#1961,#454);
#282=LINE('',#1964,#455);
#283=LINE('',#1965,#456);
#284=LINE('',#1968,#457);
#285=LINE('',#1969,#458);
#286=LINE('',#1973,#459);
#287=LINE('',#1975,#460);
#288=LINE('',#1976,#461);
#289=LINE('',#1978,#462);
#290=LINE('',#1979,#463);
#291=LINE('',#1982,#464);
#292=LINE('',#1983,#465);
#293=LINE('',#1985,#466);
#294=LINE('',#1989,#467);
#295=LINE('',#1990,#468);
#296=LINE('',#1991,#469);
#297=LINE('',#1993,#470);
#298=LINE('',#1995,#471);
#299=LINE('',#1997,#472);
#300=LINE('',#1998,#473);
#301=LINE('',#2000,#474);
#302=LINE('',#2001,#475);
#303=LINE('',#2005,#476);
#304=LINE('',#2007,#477);
#305=LINE('',#2009,#478);
#306=LINE('',#2010,#479);
#307=LINE('',#2013,#480);
#308=LINE('',#2015,#481);
#309=LINE('',#2017,#482);
#310=LINE('',#2018,#483);
#311=LINE('',#2020,#484);
#312=LINE('',#2021,#485);
#313=LINE('',#2023,#486);
#314=LINE('',#2024,#487);
#315=LINE('',#2025,#488);
#316=LINE('',#2026,#489);
#317=LINE('',#2029,#490);
#318=LINE('',#2031,#491);
#319=LINE('',#2033,#492);
#320=LINE('',#2034,#493);
#321=LINE('',#2037,#494);
#322=LINE('',#2039,#495);
#323=LINE('',#2041,#496);
#324=LINE('',#2042,#497);
#325=LINE('',#2044,#498);
#326=LINE('',#2045,#499);
#327=LINE('',#2047,#500);
#328=LINE('',#2048,#501);
#329=LINE('',#2050,#502);
#330=LINE('',#2052,#503);
#331=LINE('',#2055,#504);
#332=LINE('',#2056,#505);
#333=LINE('',#2058,#506);
#334=LINE('',#2060,#507);
#335=LINE('',#2063,#508);
#336=LINE('',#2066,#509);
#337=LINE('',#2069,#510);
#338=LINE('',#2072,#511);
#339=LINE('',#2075,#512);
#340=LINE('',#2081,#513);
#341=LINE('',#2085,#514);
#342=LINE('',#2089,#515);
#343=LINE('',#2093,#516);
#344=LINE('',#2096,#517);
#345=LINE('',#2097,#518);
#346=LINE('',#2099,#519);
#347=LINE('',#2101,#520);
#348=LINE('',#2103,#521);
#349=LINE('',#2105,#522);
#350=LINE('',#2107,#523);
#351=LINE('',#2109,#524);
#352=VECTOR('',#1417,10.);
#353=VECTOR('',#1418,10.);
#354=VECTOR('',#1419,10.);
#355=VECTOR('',#1420,10.);
#356=VECTOR('',#1423,10.);
#357=VECTOR('',#1424,10.);
#358=VECTOR('',#1425,10.);
#359=VECTOR('',#1428,10.);
#360=VECTOR('',#1429,10.);
#361=VECTOR('',#1430,10.);
#362=VECTOR('',#1431,10.);
#363=VECTOR('',#1434,10.);
#364=VECTOR('',#1435,10.);
#365=VECTOR('',#1436,10.);
#366=VECTOR('',#1437,10.);
#367=VECTOR('',#1440,10.);
#368=VECTOR('',#1441,10.);
#369=VECTOR('',#1442,10.);
#370=VECTOR('',#1445,10.);
#371=VECTOR('',#1446,10.);
#372=VECTOR('',#1447,10.);
#373=VECTOR('',#1448,10.);
#374=VECTOR('',#1451,10.);
#375=VECTOR('',#1452,10.);
#376=VECTOR('',#1453,10.);
#377=VECTOR('',#1456,10.);
#378=VECTOR('',#1457,10.);
#379=VECTOR('',#1458,10.);
#380=VECTOR('',#1459,10.);
#381=VECTOR('',#1462,10.);
#382=VECTOR('',#1463,10.);
#383=VECTOR('',#1464,10.);
#384=VECTOR('',#1469,10.);
#385=VECTOR('',#1470,10.);
#386=VECTOR('',#1471,10.);
#387=VECTOR('',#1474,10.);
#388=VECTOR('',#1475,10.);
#389=VECTOR('',#1476,10.);
#390=VECTOR('',#1479,10.);
#391=VECTOR('',#1480,10.);
#392=VECTOR('',#1483,10.);
#393=VECTOR('',#1484,10.);
#394=VECTOR('',#1487,10.);
#395=VECTOR('',#1488,10.);
#396=VECTOR('',#1491,10.);
#397=VECTOR('',#1492,10.);
#398=VECTOR('',#1493,10.);
#399=VECTOR('',#1496,10.);
#400=VECTOR('',#1499,10.);
#401=VECTOR('',#1500,10.);
#402=VECTOR('',#1501,10.);
#403=VECTOR('',#1504,10.);
#404=VECTOR('',#1507,10.);
#405=VECTOR('',#1508,10.);
#406=VECTOR('',#1509,10.);
#407=VECTOR('',#1510,10.);
#408=VECTOR('',#1511,10.);
#409=VECTOR('',#1512,10.);
#410=VECTOR('',#1513,10.);
#411=VECTOR('',#1514,10.);
#412=VECTOR('',#1515,10.);
#413=VECTOR('',#1518,10.);
#414=VECTOR('',#1519,10.);
#415=VECTOR('',#1520,10.);
#416=VECTOR('',#1521,10.);
#417=VECTOR('',#1522,10.);
#418=VECTOR('',#1523,10.);
#419=VECTOR('',#1524,10.);
#420=VECTOR('',#1525,10.);
#421=VECTOR('',#1528,10.);
#422=VECTOR('',#1529,10.);
#423=VECTOR('',#1530,10.);
#424=VECTOR('',#1531,10.);
#425=VECTOR('',#1532,10.);
#426=VECTOR('',#1533,10.);
#427=VECTOR('',#1534,10.);
#428=VECTOR('',#1535,10.);
#429=VECTOR('',#1536,10.);
#430=VECTOR('',#1537,10.);
#431=VECTOR('',#1538,10.);
#432=VECTOR('',#1539,10.);
#433=VECTOR('',#1542,10.);
#434=VECTOR('',#1543,10.);
#435=VECTOR('',#1544,10.);
#436=VECTOR('',#1545,10.);
#437=VECTOR('',#1546,10.);
#438=VECTOR('',#1547,10.);
#439=VECTOR('',#1550,10.);
#440=VECTOR('',#1551,10.);
#441=VECTOR('',#1552,10.);
#442=VECTOR('',#1553,10.);
#443=VECTOR('',#1554,10.);
#444=VECTOR('',#1557,10.);
#445=VECTOR('',#1560,10.);
#446=VECTOR('',#1563,10.);
#447=VECTOR('',#1566,10.);
#448=VECTOR('',#1571,10.);
#449=VECTOR('',#1572,10.);
#450=VECTOR('',#1573,10.);
#451=VECTOR('',#1576,10.);
#452=VECTOR('',#1577,10.);
#453=VECTOR('',#1580,10.);
#454=VECTOR('',#1581,10.);
#455=VECTOR('',#1584,10.);
#456=VECTOR('',#1585,10.);
#457=VECTOR('',#1588,10.);
#458=VECTOR('',#1589,10.);
#459=VECTOR('',#1592,10.);
#460=VECTOR('',#1593,10.);
#461=VECTOR('',#1594,10.);
#462=VECTOR('',#1597,10.);
#463=VECTOR('',#1598,10.);
#464=VECTOR('',#1601,10.);
#465=VECTOR('',#1602,10.);
#466=VECTOR('',#1605,10.);
#467=VECTOR('',#1608,10.);
#468=VECTOR('',#1609,10.);
#469=VECTOR('',#1610,10.);
#470=VECTOR('',#1613,10.);
#471=VECTOR('',#1616,10.);
#472=VECTOR('',#1619,10.);
#473=VECTOR('',#1620,10.);
#474=VECTOR('',#1623,10.);
#475=VECTOR('',#1624,10.);
#476=VECTOR('',#1627,10.);
#477=VECTOR('',#1628,10.);
#478=VECTOR('',#1629,10.);
#479=VECTOR('',#1630,10.);
#480=VECTOR('',#1631,10.);
#481=VECTOR('',#1632,10.);
#482=VECTOR('',#1633,10.);
#483=VECTOR('',#1634,10.);
#484=VECTOR('',#1635,10.);
#485=VECTOR('',#1636,10.);
#486=VECTOR('',#1639,10.);
#487=VECTOR('',#1640,10.);
#488=VECTOR('',#1641,10.);
#489=VECTOR('',#1642,10.);
#490=VECTOR('',#1643,10.);
#491=VECTOR('',#1644,10.);
#492=VECTOR('',#1645,10.);
#493=VECTOR('',#1646,10.);
#494=VECTOR('',#1647,10.);
#495=VECTOR('',#1648,10.);
#496=VECTOR('',#1649,10.);
#497=VECTOR('',#1650,10.);
#498=VECTOR('',#1651,10.);
#499=VECTOR('',#1652,10.);
#500=VECTOR('',#1655,10.);
#501=VECTOR('',#1656,10.);
#502=VECTOR('',#1659,10.);
#503=VECTOR('',#1662,10.);
#504=VECTOR('',#1667,10.);
#505=VECTOR('',#1668,10.);
#506=VECTOR('',#1671,10.);
#507=VECTOR('',#1674,10.);
#508=VECTOR('',#1679,10.);
#509=VECTOR('',#1684,10.);
#510=VECTOR('',#1689,10.);
#511=VECTOR('',#1694,10.);
#512=VECTOR('',#1699,10.);
#513=VECTOR('',#1706,10.);
#514=VECTOR('',#1709,10.);
#515=VECTOR('',#1712,10.);
#516=VECTOR('',#1715,10.);
#517=VECTOR('',#1720,10.);
#518=VECTOR('',#1721,10.);
#519=VECTOR('',#1724,10.);
#520=VECTOR('',#1727,10.);
#521=VECTOR('',#1730,10.);
#522=VECTOR('',#1733,10.);
#523=VECTOR('',#1736,10.);
#524=VECTOR('',#1739,10.);
#525=VERTEX_POINT('',#1744);
#526=VERTEX_POINT('',#1745);
#527=VERTEX_POINT('',#1747);
#528=VERTEX_POINT('',#1749);
#529=VERTEX_POINT('',#1753);
#530=VERTEX_POINT('',#1755);
#531=VERTEX_POINT('',#1759);
#532=VERTEX_POINT('',#1760);
#533=VERTEX_POINT('',#1762);
#534=VERTEX_POINT('',#1764);
#535=VERTEX_POINT('',#1768);
#536=VERTEX_POINT('',#1769);
#537=VERTEX_POINT('',#1771);
#538=VERTEX_POINT('',#1773);
#539=VERTEX_POINT('',#1777);
#540=VERTEX_POINT('',#1779);
#541=VERTEX_POINT('',#1783);
#542=VERTEX_POINT('',#1784);
#543=VERTEX_POINT('',#1786);
#544=VERTEX_POINT('',#1788);
#545=VERTEX_POINT('',#1792);
#546=VERTEX_POINT('',#1794);
#547=VERTEX_POINT('',#1798);
#548=VERTEX_POINT('',#1799);
#549=VERTEX_POINT('',#1801);
#550=VERTEX_POINT('',#1803);
#551=VERTEX_POINT('',#1807);
#552=VERTEX_POINT('',#1809);
#553=VERTEX_POINT('',#1813);
#554=VERTEX_POINT('',#1815);
#555=VERTEX_POINT('',#1817);
#556=VERTEX_POINT('',#1821);
#557=VERTEX_POINT('',#1822);
#558=VERTEX_POINT('',#1827);
#559=VERTEX_POINT('',#1831);
#560=VERTEX_POINT('',#1835);
#561=VERTEX_POINT('',#1839);
#562=VERTEX_POINT('',#1841);
#563=VERTEX_POINT('',#1847);
#564=VERTEX_POINT('',#1849);
#565=VERTEX_POINT('',#1855);
#566=VERTEX_POINT('',#1857);
#567=VERTEX_POINT('',#1859);
#568=VERTEX_POINT('',#1861);
#569=VERTEX_POINT('',#1863);
#570=VERTEX_POINT('',#1865);
#571=VERTEX_POINT('',#1867);
#572=VERTEX_POINT('',#1869);
#573=VERTEX_POINT('',#1874);
#574=VERTEX_POINT('',#1876);
#575=VERTEX_POINT('',#1878);
#576=VERTEX_POINT('',#1880);
#577=VERTEX_POINT('',#1882);
#578=VERTEX_POINT('',#1884);
#579=VERTEX_POINT('',#1888);
#580=VERTEX_POINT('',#1889);
#581=VERTEX_POINT('',#1891);
#582=VERTEX_POINT('',#1893);
#583=VERTEX_POINT('',#1895);
#584=VERTEX_POINT('',#1897);
#585=VERTEX_POINT('',#1899);
#586=VERTEX_POINT('',#1901);
#587=VERTEX_POINT('',#1906);
#588=VERTEX_POINT('',#1910);
#589=VERTEX_POINT('',#1912);
#590=VERTEX_POINT('',#1914);
#591=VERTEX_POINT('',#1916);
#592=VERTEX_POINT('',#1918);
#593=VERTEX_POINT('',#1922);
#594=VERTEX_POINT('',#1924);
#595=VERTEX_POINT('',#1926);
#596=VERTEX_POINT('',#1928);
#597=VERTEX_POINT('',#1931);
#598=VERTEX_POINT('',#1933);
#599=VERTEX_POINT('',#1935);
#600=VERTEX_POINT('',#1937);
#601=VERTEX_POINT('',#1939);
#602=VERTEX_POINT('',#1941);
#603=VERTEX_POINT('',#1943);
#604=VERTEX_POINT('',#1945);
#605=VERTEX_POINT('',#1949);
#606=VERTEX_POINT('',#1951);
#607=VERTEX_POINT('',#1955);
#608=VERTEX_POINT('',#1959);
#609=VERTEX_POINT('',#1963);
#610=VERTEX_POINT('',#1967);
#611=VERTEX_POINT('',#1971);
#612=VERTEX_POINT('',#1972);
#613=VERTEX_POINT('',#1974);
#614=VERTEX_POINT('',#1981);
#615=VERTEX_POINT('',#1987);
#616=VERTEX_POINT('',#1988);
#617=VERTEX_POINT('',#2003);
#618=VERTEX_POINT('',#2004);
#619=VERTEX_POINT('',#2006);
#620=VERTEX_POINT('',#2008);
#621=VERTEX_POINT('',#2011);
#622=VERTEX_POINT('',#2012);
#623=VERTEX_POINT('',#2014);
#624=VERTEX_POINT('',#2016);
#625=VERTEX_POINT('',#2019);
#626=VERTEX_POINT('',#2027);
#627=VERTEX_POINT('',#2028);
#628=VERTEX_POINT('',#2030);
#629=VERTEX_POINT('',#2032);
#630=VERTEX_POINT('',#2035);
#631=VERTEX_POINT('',#2036);
#632=VERTEX_POINT('',#2038);
#633=VERTEX_POINT('',#2040);
#634=VERTEX_POINT('',#2043);
#635=VERTEX_POINT('',#2079);
#636=VERTEX_POINT('',#2080);
#637=VERTEX_POINT('',#2082);
#638=VERTEX_POINT('',#2084);
#639=VERTEX_POINT('',#2086);
#640=VERTEX_POINT('',#2088);
#641=VERTEX_POINT('',#2090);
#642=VERTEX_POINT('',#2092);
#643=EDGE_CURVE('',#525,#526,#179,.T.);
#644=EDGE_CURVE('',#527,#526,#180,.T.);
#645=EDGE_CURVE('',#527,#528,#181,.T.);
#646=EDGE_CURVE('',#525,#528,#182,.T.);
#647=EDGE_CURVE('',#526,#529,#183,.T.);
#648=EDGE_CURVE('',#529,#530,#184,.T.);
#649=EDGE_CURVE('',#527,#530,#185,.T.);
#650=EDGE_CURVE('',#531,#532,#186,.F.);
#651=EDGE_CURVE('',#533,#531,#187,.F.);
#652=EDGE_CURVE('',#534,#533,#188,.F.);
#653=EDGE_CURVE('',#532,#534,#189,.F.);
#654=EDGE_CURVE('',#535,#536,#190,.F.);
#655=EDGE_CURVE('',#537,#535,#191,.T.);
#656=EDGE_CURVE('',#538,#537,#192,.F.);
#657=EDGE_CURVE('',#536,#538,#193,.F.);
#658=EDGE_CURVE('',#536,#539,#194,.F.);
#659=EDGE_CURVE('',#538,#540,#195,.T.);
#660=EDGE_CURVE('',#539,#540,#196,.F.);
#661=EDGE_CURVE('',#541,#542,#197,.F.);
#662=EDGE_CURVE('',#543,#541,#198,.T.);
#663=EDGE_CURVE('',#544,#543,#199,.F.);
#664=EDGE_CURVE('',#542,#544,#200,.F.);
#665=EDGE_CURVE('',#542,#545,#201,.F.);
#666=EDGE_CURVE('',#546,#544,#202,.F.);
#667=EDGE_CURVE('',#545,#546,#203,.F.);
#668=EDGE_CURVE('',#547,#548,#204,.F.);
#669=EDGE_CURVE('',#549,#547,#205,.T.);
#670=EDGE_CURVE('',#550,#549,#206,.F.);
#671=EDGE_CURVE('',#548,#550,#207,.T.);
#672=EDGE_CURVE('',#548,#551,#208,.F.);
#673=EDGE_CURVE('',#552,#550,#209,.F.);
#674=EDGE_CURVE('',#551,#552,#210,.F.);
#675=EDGE_CURVE('',#534,#553,#27,.F.);
#676=EDGE_CURVE('',#554,#533,#211,.F.);
#677=EDGE_CURVE('',#554,#555,#212,.T.);
#678=EDGE_CURVE('',#555,#553,#213,.F.);
#679=EDGE_CURVE('',#556,#557,#214,.F.);
#680=EDGE_CURVE('',#553,#556,#215,.F.);
#681=EDGE_CURVE('',#557,#555,#216,.F.);
#682=EDGE_CURVE('',#557,#558,#217,.F.);
#683=EDGE_CURVE('',#558,#554,#218,.F.);
#684=EDGE_CURVE('',#549,#559,#219,.F.);
#685=EDGE_CURVE('',#552,#559,#220,.F.);
#686=EDGE_CURVE('',#560,#547,#221,.F.);
#687=EDGE_CURVE('',#559,#560,#222,.F.);
#688=EDGE_CURVE('',#561,#535,#223,.F.);
#689=EDGE_CURVE('',#562,#561,#224,.F.);
#690=EDGE_CURVE('',#562,#537,#225,.T.);
#691=EDGE_CURVE('',#540,#562,#226,.F.);
#692=EDGE_CURVE('',#563,#541,#227,.F.);
#693=EDGE_CURVE('',#564,#563,#228,.F.);
#694=EDGE_CURVE('',#564,#543,#229,.T.);
#695=EDGE_CURVE('',#546,#564,#230,.F.);
#696=EDGE_CURVE('',#539,#565,#231,.F.);
#697=EDGE_CURVE('',#565,#566,#232,.T.);
#698=EDGE_CURVE('',#566,#567,#233,.T.);
#699=EDGE_CURVE('',#567,#568,#234,.F.);
#700=EDGE_CURVE('',#569,#568,#235,.F.);
#701=EDGE_CURVE('',#569,#570,#236,.F.);
#702=EDGE_CURVE('',#570,#571,#237,.T.);
#703=EDGE_CURVE('',#572,#571,#238,.T.);
#704=EDGE_CURVE('',#572,#561,#239,.F.);
#705=EDGE_CURVE('',#545,#572,#240,.F.);
#706=EDGE_CURVE('',#571,#573,#241,.T.);
#707=EDGE_CURVE('',#573,#574,#242,.F.);
#708=EDGE_CURVE('',#575,#574,#243,.F.);
#709=EDGE_CURVE('',#575,#576,#244,.F.);
#710=EDGE_CURVE('',#576,#577,#245,.T.);
#711=EDGE_CURVE('',#578,#577,#246,.T.);
#712=EDGE_CURVE('',#578,#563,#247,.F.);
#713=EDGE_CURVE('',#579,#580,#248,.T.);
#714=EDGE_CURVE('',#581,#579,#249,.T.);
#715=EDGE_CURVE('',#582,#581,#250,.T.);
#716=EDGE_CURVE('',#583,#582,#251,.T.);
#717=EDGE_CURVE('',#584,#583,#252,.T.);
#718=EDGE_CURVE('',#585,#584,#253,.T.);
#719=EDGE_CURVE('',#586,#585,#254,.T.);
#720=EDGE_CURVE('',#580,#586,#255,.T.);
#721=EDGE_CURVE('',#565,#531,#256,.F.);
#722=EDGE_CURVE('',#551,#578,#257,.F.);
#723=EDGE_CURVE('',#587,#560,#258,.F.);
#724=EDGE_CURVE('',#558,#587,#259,.F.);
#725=EDGE_CURVE('',#577,#588,#260,.T.);
#726=EDGE_CURVE('',#588,#589,#261,.F.);
#727=EDGE_CURVE('',#590,#589,#262,.F.);
#728=EDGE_CURVE('',#590,#591,#263,.F.);
#729=EDGE_CURVE('',#591,#592,#264,.T.);
#730=EDGE_CURVE('',#587,#592,#265,.F.);
#731=EDGE_CURVE('',#592,#593,#266,.T.);
#732=EDGE_CURVE('',#593,#594,#267,.F.);
#733=EDGE_CURVE('',#595,#594,#268,.F.);
#734=EDGE_CURVE('',#595,#596,#269,.F.);
#735=EDGE_CURVE('',#596,#566,#270,.T.);
#736=EDGE_CURVE('',#532,#597,#28,.F.);
#737=EDGE_CURVE('',#597,#598,#271,.F.);
#738=EDGE_CURVE('',#598,#599,#29,.F.);
#739=EDGE_CURVE('',#599,#600,#272,.F.);
#740=EDGE_CURVE('',#600,#601,#30,.F.);
#741=EDGE_CURVE('',#601,#602,#273,.F.);
#742=EDGE_CURVE('',#602,#603,#31,.F.);
#743=EDGE_CURVE('',#603,#604,#274,.F.);
#744=EDGE_CURVE('',#604,#556,#32,.F.);
#745=EDGE_CURVE('',#605,#582,#275,.T.);
#746=EDGE_CURVE('',#606,#605,#276,.T.);
#747=EDGE_CURVE('',#583,#606,#277,.T.);
#748=EDGE_CURVE('',#581,#607,#278,.T.);
#749=EDGE_CURVE('',#607,#605,#279,.T.);
#750=EDGE_CURVE('',#608,#579,#280,.T.);
#751=EDGE_CURVE('',#607,#608,#281,.T.);
#752=EDGE_CURVE('',#580,#609,#282,.T.);
#753=EDGE_CURVE('',#609,#608,#283,.T.);
#754=EDGE_CURVE('',#608,#610,#284,.T.);
#755=EDGE_CURVE('',#610,#609,#285,.T.);
#756=EDGE_CURVE('',#611,#612,#286,.T.);
#757=EDGE_CURVE('',#613,#611,#287,.T.);
#758=EDGE_CURVE('',#612,#613,#288,.T.);
#759=EDGE_CURVE('',#585,#613,#289,.T.);
#760=EDGE_CURVE('',#611,#586,#290,.T.);
#761=EDGE_CURVE('',#605,#614,#291,.T.);
#762=EDGE_CURVE('',#614,#607,#292,.T.);
#763=EDGE_CURVE('',#610,#614,#293,.T.);
#764=EDGE_CURVE('',#615,#616,#294,.T.);
#765=EDGE_CURVE('',#606,#615,#295,.T.);
#766=EDGE_CURVE('',#616,#606,#296,.T.);
#767=EDGE_CURVE('',#615,#584,#297,.T.);
#768=EDGE_CURVE('',#614,#616,#298,.T.);
#769=EDGE_CURVE('',#616,#612,#299,.T.);
#770=EDGE_CURVE('',#613,#615,#300,.T.);
#771=EDGE_CURVE('',#612,#610,#301,.T.);
#772=EDGE_CURVE('',#609,#611,#302,.T.);
#773=EDGE_CURVE('',#617,#618,#303,.T.);
#774=EDGE_CURVE('',#618,#619,#304,.T.);
#775=EDGE_CURVE('',#619,#620,#305,.T.);
#776=EDGE_CURVE('',#620,#617,#306,.T.);
#777=EDGE_CURVE('',#621,#622,#307,.T.);
#778=EDGE_CURVE('',#622,#623,#308,.T.);
#779=EDGE_CURVE('',#623,#624,#309,.T.);
#780=EDGE_CURVE('',#624,#621,#310,.T.);
#781=EDGE_CURVE('',#530,#625,#311,.T.);
#782=EDGE_CURVE('',#625,#528,#312,.T.);
#783=EDGE_CURVE('',#590,#594,#313,.T.);
#784=EDGE_CURVE('',#575,#589,#314,.T.);
#785=EDGE_CURVE('',#569,#574,#315,.T.);
#786=EDGE_CURVE('',#595,#568,#316,.T.);
#787=EDGE_CURVE('',#626,#627,#317,.T.);
#788=EDGE_CURVE('',#628,#626,#318,.T.);
#789=EDGE_CURVE('',#629,#628,#319,.T.);
#790=EDGE_CURVE('',#627,#629,#320,.T.);
#791=EDGE_CURVE('',#630,#631,#321,.T.);
#792=EDGE_CURVE('',#632,#630,#322,.T.);
#793=EDGE_CURVE('',#633,#632,#323,.T.);
#794=EDGE_CURVE('',#631,#633,#324,.T.);
#795=EDGE_CURVE('',#634,#525,#325,.T.);
#796=EDGE_CURVE('',#529,#634,#326,.T.);
#797=EDGE_CURVE('',#626,#617,#327,.T.);
#798=EDGE_CURVE('',#628,#620,#328,.T.);
#799=EDGE_CURVE('',#629,#619,#329,.T.);
#800=EDGE_CURVE('',#627,#618,#330,.T.);
#801=EDGE_CURVE('',#630,#621,#331,.T.);
#802=EDGE_CURVE('',#632,#624,#332,.T.);
#803=EDGE_CURVE('',#633,#623,#333,.T.);
#804=EDGE_CURVE('',#631,#622,#334,.T.);
#805=EDGE_CURVE('',#634,#625,#335,.T.);
#806=EDGE_CURVE('',#570,#573,#336,.T.);
#807=EDGE_CURVE('',#596,#567,#337,.T.);
#808=EDGE_CURVE('',#576,#588,#338,.T.);
#809=EDGE_CURVE('',#591,#593,#339,.T.);
#810=EDGE_CURVE('',#635,#636,#340,.T.);
#811=EDGE_CURVE('',#636,#637,#33,.T.);
#812=EDGE_CURVE('',#637,#638,#341,.T.);
#813=EDGE_CURVE('',#638,#639,#34,.T.);
#814=EDGE_CURVE('',#639,#640,#342,.T.);
#815=EDGE_CURVE('',#640,#641,#35,.T.);
#816=EDGE_CURVE('',#641,#642,#343,.T.);
#817=EDGE_CURVE('',#642,#635,#36,.T.);
#818=EDGE_CURVE('',#636,#601,#344,.T.);
#819=EDGE_CURVE('',#637,#600,#345,.T.);
#820=EDGE_CURVE('',#638,#599,#346,.T.);
#821=EDGE_CURVE('',#639,#598,#347,.T.);
#822=EDGE_CURVE('',#640,#597,#348,.T.);
#823=EDGE_CURVE('',#641,#604,#349,.T.);
#824=EDGE_CURVE('',#642,#603,#350,.T.);
#825=EDGE_CURVE('',#635,#602,#351,.T.);
#826=ORIENTED_EDGE('',*,*,#643,.T.);
#827=ORIENTED_EDGE('',*,*,#644,.F.);
#828=ORIENTED_EDGE('',*,*,#645,.T.);
#829=ORIENTED_EDGE('',*,*,#646,.F.);
#830=ORIENTED_EDGE('',*,*,#644,.T.);
#831=ORIENTED_EDGE('',*,*,#647,.T.);
#832=ORIENTED_EDGE('',*,*,#648,.T.);
#833=ORIENTED_EDGE('',*,*,#649,.F.);
#834=ORIENTED_EDGE('',*,*,#650,.F.);
#835=ORIENTED_EDGE('',*,*,#651,.F.);
#836=ORIENTED_EDGE('',*,*,#652,.F.);
#837=ORIENTED_EDGE('',*,*,#653,.F.);
#838=ORIENTED_EDGE('',*,*,#654,.F.);
#839=ORIENTED_EDGE('',*,*,#655,.F.);
#840=ORIENTED_EDGE('',*,*,#656,.F.);
#841=ORIENTED_EDGE('',*,*,#657,.F.);
#842=ORIENTED_EDGE('',*,*,#658,.F.);
#843=ORIENTED_EDGE('',*,*,#657,.T.);
#844=ORIENTED_EDGE('',*,*,#659,.T.);
#845=ORIENTED_EDGE('',*,*,#660,.F.);
#846=ORIENTED_EDGE('',*,*,#661,.F.);
#847=ORIENTED_EDGE('',*,*,#662,.F.);
#848=ORIENTED_EDGE('',*,*,#663,.F.);
#849=ORIENTED_EDGE('',*,*,#664,.F.);
#850=ORIENTED_EDGE('',*,*,#665,.F.);
#851=ORIENTED_EDGE('',*,*,#664,.T.);
#852=ORIENTED_EDGE('',*,*,#666,.F.);
#853=ORIENTED_EDGE('',*,*,#667,.F.);
#854=ORIENTED_EDGE('',*,*,#668,.F.);
#855=ORIENTED_EDGE('',*,*,#669,.F.);
#856=ORIENTED_EDGE('',*,*,#670,.F.);
#857=ORIENTED_EDGE('',*,*,#671,.F.);
#858=ORIENTED_EDGE('',*,*,#672,.F.);
#859=ORIENTED_EDGE('',*,*,#671,.T.);
#860=ORIENTED_EDGE('',*,*,#673,.F.);
#861=ORIENTED_EDGE('',*,*,#674,.F.);
#862=ORIENTED_EDGE('',*,*,#675,.F.);
#863=ORIENTED_EDGE('',*,*,#652,.T.);
#864=ORIENTED_EDGE('',*,*,#676,.F.);
#865=ORIENTED_EDGE('',*,*,#677,.T.);
#866=ORIENTED_EDGE('',*,*,#678,.T.);
#867=ORIENTED_EDGE('',*,*,#679,.F.);
#868=ORIENTED_EDGE('',*,*,#680,.F.);
#869=ORIENTED_EDGE('',*,*,#678,.F.);
#870=ORIENTED_EDGE('',*,*,#681,.F.);
#871=ORIENTED_EDGE('',*,*,#682,.F.);
#872=ORIENTED_EDGE('',*,*,#681,.T.);
#873=ORIENTED_EDGE('',*,*,#677,.F.);
#874=ORIENTED_EDGE('',*,*,#683,.F.);
#875=ORIENTED_EDGE('',*,*,#684,.T.);
#876=ORIENTED_EDGE('',*,*,#685,.F.);
#877=ORIENTED_EDGE('',*,*,#673,.T.);
#878=ORIENTED_EDGE('',*,*,#670,.T.);
#879=ORIENTED_EDGE('',*,*,#686,.F.);
#880=ORIENTED_EDGE('',*,*,#687,.F.);
#881=ORIENTED_EDGE('',*,*,#684,.F.);
#882=ORIENTED_EDGE('',*,*,#669,.T.);
#883=ORIENTED_EDGE('',*,*,#688,.F.);
#884=ORIENTED_EDGE('',*,*,#689,.F.);
#885=ORIENTED_EDGE('',*,*,#690,.T.);
#886=ORIENTED_EDGE('',*,*,#655,.T.);
#887=ORIENTED_EDGE('',*,*,#690,.F.);
#888=ORIENTED_EDGE('',*,*,#691,.F.);
#889=ORIENTED_EDGE('',*,*,#659,.F.);
#890=ORIENTED_EDGE('',*,*,#656,.T.);
#891=ORIENTED_EDGE('',*,*,#692,.F.);
#892=ORIENTED_EDGE('',*,*,#693,.F.);
#893=ORIENTED_EDGE('',*,*,#694,.T.);
#894=ORIENTED_EDGE('',*,*,#662,.T.);
#895=ORIENTED_EDGE('',*,*,#694,.F.);
#896=ORIENTED_EDGE('',*,*,#695,.F.);
#897=ORIENTED_EDGE('',*,*,#666,.T.);
#898=ORIENTED_EDGE('',*,*,#663,.T.);
#899=ORIENTED_EDGE('',*,*,#688,.T.);
#900=ORIENTED_EDGE('',*,*,#654,.T.);
#901=ORIENTED_EDGE('',*,*,#658,.T.);
#902=ORIENTED_EDGE('',*,*,#696,.T.);
#903=ORIENTED_EDGE('',*,*,#697,.T.);
#904=ORIENTED_EDGE('',*,*,#698,.T.);
#905=ORIENTED_EDGE('',*,*,#699,.T.);
#906=ORIENTED_EDGE('',*,*,#700,.F.);
#907=ORIENTED_EDGE('',*,*,#701,.T.);
#908=ORIENTED_EDGE('',*,*,#702,.T.);
#909=ORIENTED_EDGE('',*,*,#703,.F.);
#910=ORIENTED_EDGE('',*,*,#704,.T.);
#911=ORIENTED_EDGE('',*,*,#692,.T.);
#912=ORIENTED_EDGE('',*,*,#661,.T.);
#913=ORIENTED_EDGE('',*,*,#665,.T.);
#914=ORIENTED_EDGE('',*,*,#705,.T.);
#915=ORIENTED_EDGE('',*,*,#703,.T.);
#916=ORIENTED_EDGE('',*,*,#706,.T.);
#917=ORIENTED_EDGE('',*,*,#707,.T.);
#918=ORIENTED_EDGE('',*,*,#708,.F.);
#919=ORIENTED_EDGE('',*,*,#709,.T.);
#920=ORIENTED_EDGE('',*,*,#710,.T.);
#921=ORIENTED_EDGE('',*,*,#711,.F.);
#922=ORIENTED_EDGE('',*,*,#712,.T.);
#923=ORIENTED_EDGE('',*,*,#713,.F.);
#924=ORIENTED_EDGE('',*,*,#714,.F.);
#925=ORIENTED_EDGE('',*,*,#715,.F.);
#926=ORIENTED_EDGE('',*,*,#716,.F.);
#927=ORIENTED_EDGE('',*,*,#717,.F.);
#928=ORIENTED_EDGE('',*,*,#718,.F.);
#929=ORIENTED_EDGE('',*,*,#719,.F.);
#930=ORIENTED_EDGE('',*,*,#720,.F.);
#931=ORIENTED_EDGE('',*,*,#683,.T.);
#932=ORIENTED_EDGE('',*,*,#676,.T.);
#933=ORIENTED_EDGE('',*,*,#651,.T.);
#934=ORIENTED_EDGE('',*,*,#721,.F.);
#935=ORIENTED_EDGE('',*,*,#696,.F.);
#936=ORIENTED_EDGE('',*,*,#660,.T.);
#937=ORIENTED_EDGE('',*,*,#691,.T.);
#938=ORIENTED_EDGE('',*,*,#689,.T.);
#939=ORIENTED_EDGE('',*,*,#704,.F.);
#940=ORIENTED_EDGE('',*,*,#705,.F.);
#941=ORIENTED_EDGE('',*,*,#667,.T.);
#942=ORIENTED_EDGE('',*,*,#695,.T.);
#943=ORIENTED_EDGE('',*,*,#693,.T.);
#944=ORIENTED_EDGE('',*,*,#712,.F.);
#945=ORIENTED_EDGE('',*,*,#722,.F.);
#946=ORIENTED_EDGE('',*,*,#674,.T.);
#947=ORIENTED_EDGE('',*,*,#685,.T.);
#948=ORIENTED_EDGE('',*,*,#687,.T.);
#949=ORIENTED_EDGE('',*,*,#723,.F.);
#950=ORIENTED_EDGE('',*,*,#724,.F.);
#951=ORIENTED_EDGE('',*,*,#686,.T.);
#952=ORIENTED_EDGE('',*,*,#668,.T.);
#953=ORIENTED_EDGE('',*,*,#672,.T.);
#954=ORIENTED_EDGE('',*,*,#722,.T.);
#955=ORIENTED_EDGE('',*,*,#711,.T.);
#956=ORIENTED_EDGE('',*,*,#725,.T.);
#957=ORIENTED_EDGE('',*,*,#726,.T.);
#958=ORIENTED_EDGE('',*,*,#727,.F.);
#959=ORIENTED_EDGE('',*,*,#728,.T.);
#960=ORIENTED_EDGE('',*,*,#729,.T.);
#961=ORIENTED_EDGE('',*,*,#730,.F.);
#962=ORIENTED_EDGE('',*,*,#723,.T.);
#963=ORIENTED_EDGE('',*,*,#682,.T.);
#964=ORIENTED_EDGE('',*,*,#724,.T.);
#965=ORIENTED_EDGE('',*,*,#730,.T.);
#966=ORIENTED_EDGE('',*,*,#731,.T.);
#967=ORIENTED_EDGE('',*,*,#732,.T.);
#968=ORIENTED_EDGE('',*,*,#733,.F.);
#969=ORIENTED_EDGE('',*,*,#734,.T.);
#970=ORIENTED_EDGE('',*,*,#735,.T.);
#971=ORIENTED_EDGE('',*,*,#697,.F.);
#972=ORIENTED_EDGE('',*,*,#721,.T.);
#973=ORIENTED_EDGE('',*,*,#650,.T.);
#974=ORIENTED_EDGE('',*,*,#736,.T.);
#975=ORIENTED_EDGE('',*,*,#737,.T.);
#976=ORIENTED_EDGE('',*,*,#738,.T.);
#977=ORIENTED_EDGE('',*,*,#739,.T.);
#978=ORIENTED_EDGE('',*,*,#740,.T.);
#979=ORIENTED_EDGE('',*,*,#741,.T.);
#980=ORIENTED_EDGE('',*,*,#742,.T.);
#981=ORIENTED_EDGE('',*,*,#743,.T.);
#982=ORIENTED_EDGE('',*,*,#744,.T.);
#983=ORIENTED_EDGE('',*,*,#679,.T.);
#984=ORIENTED_EDGE('',*,*,#716,.T.);
#985=ORIENTED_EDGE('',*,*,#745,.F.);
#986=ORIENTED_EDGE('',*,*,#746,.F.);
#987=ORIENTED_EDGE('',*,*,#747,.F.);
#988=ORIENTED_EDGE('',*,*,#715,.T.);
#989=ORIENTED_EDGE('',*,*,#748,.T.);
#990=ORIENTED_EDGE('',*,*,#749,.T.);
#991=ORIENTED_EDGE('',*,*,#745,.T.);
#992=ORIENTED_EDGE('',*,*,#714,.T.);
#993=ORIENTED_EDGE('',*,*,#750,.F.);
#994=ORIENTED_EDGE('',*,*,#751,.F.);
#995=ORIENTED_EDGE('',*,*,#748,.F.);
#996=ORIENTED_EDGE('',*,*,#713,.T.);
#997=ORIENTED_EDGE('',*,*,#752,.T.);
#998=ORIENTED_EDGE('',*,*,#753,.T.);
#999=ORIENTED_EDGE('',*,*,#750,.T.);
#1000=ORIENTED_EDGE('',*,*,#754,.F.);
#1001=ORIENTED_EDGE('',*,*,#753,.F.);
#1002=ORIENTED_EDGE('',*,*,#755,.F.);
#1003=ORIENTED_EDGE('',*,*,#756,.F.);
#1004=ORIENTED_EDGE('',*,*,#757,.F.);
#1005=ORIENTED_EDGE('',*,*,#758,.F.);
#1006=ORIENTED_EDGE('',*,*,#719,.T.);
#1007=ORIENTED_EDGE('',*,*,#759,.T.);
#1008=ORIENTED_EDGE('',*,*,#757,.T.);
#1009=ORIENTED_EDGE('',*,*,#760,.T.);
#1010=ORIENTED_EDGE('',*,*,#761,.F.);
#1011=ORIENTED_EDGE('',*,*,#749,.F.);
#1012=ORIENTED_EDGE('',*,*,#762,.F.);
#1013=ORIENTED_EDGE('',*,*,#754,.T.);
#1014=ORIENTED_EDGE('',*,*,#763,.T.);
#1015=ORIENTED_EDGE('',*,*,#762,.T.);
#1016=ORIENTED_EDGE('',*,*,#751,.T.);
#1017=ORIENTED_EDGE('',*,*,#764,.F.);
#1018=ORIENTED_EDGE('',*,*,#765,.F.);
#1019=ORIENTED_EDGE('',*,*,#766,.F.);
#1020=ORIENTED_EDGE('',*,*,#717,.T.);
#1021=ORIENTED_EDGE('',*,*,#747,.T.);
#1022=ORIENTED_EDGE('',*,*,#765,.T.);
#1023=ORIENTED_EDGE('',*,*,#767,.T.);
#1024=ORIENTED_EDGE('',*,*,#761,.T.);
#1025=ORIENTED_EDGE('',*,*,#768,.T.);
#1026=ORIENTED_EDGE('',*,*,#766,.T.);
#1027=ORIENTED_EDGE('',*,*,#746,.T.);
#1028=ORIENTED_EDGE('',*,*,#764,.T.);
#1029=ORIENTED_EDGE('',*,*,#769,.T.);
#1030=ORIENTED_EDGE('',*,*,#758,.T.);
#1031=ORIENTED_EDGE('',*,*,#770,.T.);
#1032=ORIENTED_EDGE('',*,*,#756,.T.);
#1033=ORIENTED_EDGE('',*,*,#771,.T.);
#1034=ORIENTED_EDGE('',*,*,#755,.T.);
#1035=ORIENTED_EDGE('',*,*,#772,.T.);
#1036=ORIENTED_EDGE('',*,*,#763,.F.);
#1037=ORIENTED_EDGE('',*,*,#771,.F.);
#1038=ORIENTED_EDGE('',*,*,#769,.F.);
#1039=ORIENTED_EDGE('',*,*,#768,.F.);
#1040=ORIENTED_EDGE('',*,*,#773,.T.);
#1041=ORIENTED_EDGE('',*,*,#774,.T.);
#1042=ORIENTED_EDGE('',*,*,#775,.T.);
#1043=ORIENTED_EDGE('',*,*,#776,.T.);
#1044=ORIENTED_EDGE('',*,*,#777,.T.);
#1045=ORIENTED_EDGE('',*,*,#778,.T.);
#1046=ORIENTED_EDGE('',*,*,#779,.T.);
#1047=ORIENTED_EDGE('',*,*,#780,.T.);
#1048=ORIENTED_EDGE('',*,*,#649,.T.);
#1049=ORIENTED_EDGE('',*,*,#781,.T.);
#1050=ORIENTED_EDGE('',*,*,#782,.T.);
#1051=ORIENTED_EDGE('',*,*,#645,.F.);
#1052=ORIENTED_EDGE('',*,*,#783,.F.);
#1053=ORIENTED_EDGE('',*,*,#727,.T.);
#1054=ORIENTED_EDGE('',*,*,#784,.F.);
#1055=ORIENTED_EDGE('',*,*,#708,.T.);
#1056=ORIENTED_EDGE('',*,*,#785,.F.);
#1057=ORIENTED_EDGE('',*,*,#700,.T.);
#1058=ORIENTED_EDGE('',*,*,#786,.F.);
#1059=ORIENTED_EDGE('',*,*,#733,.T.);
#1060=ORIENTED_EDGE('',*,*,#787,.F.);
#1061=ORIENTED_EDGE('',*,*,#788,.F.);
#1062=ORIENTED_EDGE('',*,*,#789,.F.);
#1063=ORIENTED_EDGE('',*,*,#790,.F.);
#1064=ORIENTED_EDGE('',*,*,#791,.F.);
#1065=ORIENTED_EDGE('',*,*,#792,.F.);
#1066=ORIENTED_EDGE('',*,*,#793,.F.);
#1067=ORIENTED_EDGE('',*,*,#794,.F.);
#1068=ORIENTED_EDGE('',*,*,#795,.F.);
#1069=ORIENTED_EDGE('',*,*,#796,.F.);
#1070=ORIENTED_EDGE('',*,*,#647,.F.);
#1071=ORIENTED_EDGE('',*,*,#643,.F.);
#1072=ORIENTED_EDGE('',*,*,#788,.T.);
#1073=ORIENTED_EDGE('',*,*,#797,.T.);
#1074=ORIENTED_EDGE('',*,*,#776,.F.);
#1075=ORIENTED_EDGE('',*,*,#798,.F.);
#1076=ORIENTED_EDGE('',*,*,#789,.T.);
#1077=ORIENTED_EDGE('',*,*,#798,.T.);
#1078=ORIENTED_EDGE('',*,*,#775,.F.);
#1079=ORIENTED_EDGE('',*,*,#799,.F.);
#1080=ORIENTED_EDGE('',*,*,#790,.T.);
#1081=ORIENTED_EDGE('',*,*,#799,.T.);
#1082=ORIENTED_EDGE('',*,*,#774,.F.);
#1083=ORIENTED_EDGE('',*,*,#800,.F.);
#1084=ORIENTED_EDGE('',*,*,#787,.T.);
#1085=ORIENTED_EDGE('',*,*,#800,.T.);
#1086=ORIENTED_EDGE('',*,*,#773,.F.);
#1087=ORIENTED_EDGE('',*,*,#797,.F.);
#1088=ORIENTED_EDGE('',*,*,#792,.T.);
#1089=ORIENTED_EDGE('',*,*,#801,.T.);
#1090=ORIENTED_EDGE('',*,*,#780,.F.);
#1091=ORIENTED_EDGE('',*,*,#802,.F.);
#1092=ORIENTED_EDGE('',*,*,#793,.T.);
#1093=ORIENTED_EDGE('',*,*,#802,.T.);
#1094=ORIENTED_EDGE('',*,*,#779,.F.);
#1095=ORIENTED_EDGE('',*,*,#803,.F.);
#1096=ORIENTED_EDGE('',*,*,#794,.T.);
#1097=ORIENTED_EDGE('',*,*,#803,.T.);
#1098=ORIENTED_EDGE('',*,*,#778,.F.);
#1099=ORIENTED_EDGE('',*,*,#804,.F.);
#1100=ORIENTED_EDGE('',*,*,#791,.T.);
#1101=ORIENTED_EDGE('',*,*,#804,.T.);
#1102=ORIENTED_EDGE('',*,*,#777,.F.);
#1103=ORIENTED_EDGE('',*,*,#801,.F.);
#1104=ORIENTED_EDGE('',*,*,#646,.T.);
#1105=ORIENTED_EDGE('',*,*,#782,.F.);
#1106=ORIENTED_EDGE('',*,*,#805,.F.);
#1107=ORIENTED_EDGE('',*,*,#795,.T.);
#1108=ORIENTED_EDGE('',*,*,#796,.T.);
#1109=ORIENTED_EDGE('',*,*,#805,.T.);
#1110=ORIENTED_EDGE('',*,*,#781,.F.);
#1111=ORIENTED_EDGE('',*,*,#648,.F.);
#1112=ORIENTED_EDGE('',*,*,#806,.F.);
#1113=ORIENTED_EDGE('',*,*,#701,.F.);
#1114=ORIENTED_EDGE('',*,*,#785,.T.);
#1115=ORIENTED_EDGE('',*,*,#707,.F.);
#1116=ORIENTED_EDGE('',*,*,#806,.T.);
#1117=ORIENTED_EDGE('',*,*,#706,.F.);
#1118=ORIENTED_EDGE('',*,*,#702,.F.);
#1119=ORIENTED_EDGE('',*,*,#807,.F.);
#1120=ORIENTED_EDGE('',*,*,#734,.F.);
#1121=ORIENTED_EDGE('',*,*,#786,.T.);
#1122=ORIENTED_EDGE('',*,*,#699,.F.);
#1123=ORIENTED_EDGE('',*,*,#807,.T.);
#1124=ORIENTED_EDGE('',*,*,#698,.F.);
#1125=ORIENTED_EDGE('',*,*,#735,.F.);
#1126=ORIENTED_EDGE('',*,*,#808,.F.);
#1127=ORIENTED_EDGE('',*,*,#709,.F.);
#1128=ORIENTED_EDGE('',*,*,#784,.T.);
#1129=ORIENTED_EDGE('',*,*,#726,.F.);
#1130=ORIENTED_EDGE('',*,*,#808,.T.);
#1131=ORIENTED_EDGE('',*,*,#725,.F.);
#1132=ORIENTED_EDGE('',*,*,#710,.F.);
#1133=ORIENTED_EDGE('',*,*,#809,.F.);
#1134=ORIENTED_EDGE('',*,*,#728,.F.);
#1135=ORIENTED_EDGE('',*,*,#783,.T.);
#1136=ORIENTED_EDGE('',*,*,#732,.F.);
#1137=ORIENTED_EDGE('',*,*,#729,.F.);
#1138=ORIENTED_EDGE('',*,*,#809,.T.);
#1139=ORIENTED_EDGE('',*,*,#731,.F.);
#1140=ORIENTED_EDGE('',*,*,#720,.T.);
#1141=ORIENTED_EDGE('',*,*,#760,.F.);
#1142=ORIENTED_EDGE('',*,*,#772,.F.);
#1143=ORIENTED_EDGE('',*,*,#752,.F.);
#1144=ORIENTED_EDGE('',*,*,#718,.T.);
#1145=ORIENTED_EDGE('',*,*,#767,.F.);
#1146=ORIENTED_EDGE('',*,*,#770,.F.);
#1147=ORIENTED_EDGE('',*,*,#759,.F.);
#1148=ORIENTED_EDGE('',*,*,#810,.T.);
#1149=ORIENTED_EDGE('',*,*,#811,.T.);
#1150=ORIENTED_EDGE('',*,*,#812,.T.);
#1151=ORIENTED_EDGE('',*,*,#813,.T.);
#1152=ORIENTED_EDGE('',*,*,#814,.T.);
#1153=ORIENTED_EDGE('',*,*,#815,.T.);
#1154=ORIENTED_EDGE('',*,*,#816,.T.);
#1155=ORIENTED_EDGE('',*,*,#817,.T.);
#1156=ORIENTED_EDGE('',*,*,#811,.F.);
#1157=ORIENTED_EDGE('',*,*,#818,.T.);
#1158=ORIENTED_EDGE('',*,*,#740,.F.);
#1159=ORIENTED_EDGE('',*,*,#819,.F.);
#1160=ORIENTED_EDGE('',*,*,#812,.F.);
#1161=ORIENTED_EDGE('',*,*,#819,.T.);
#1162=ORIENTED_EDGE('',*,*,#739,.F.);
#1163=ORIENTED_EDGE('',*,*,#820,.F.);
#1164=ORIENTED_EDGE('',*,*,#813,.F.);
#1165=ORIENTED_EDGE('',*,*,#820,.T.);
#1166=ORIENTED_EDGE('',*,*,#738,.F.);
#1167=ORIENTED_EDGE('',*,*,#821,.F.);
#1168=ORIENTED_EDGE('',*,*,#814,.F.);
#1169=ORIENTED_EDGE('',*,*,#821,.T.);
#1170=ORIENTED_EDGE('',*,*,#737,.F.);
#1171=ORIENTED_EDGE('',*,*,#822,.F.);
#1172=ORIENTED_EDGE('',*,*,#680,.T.);
#1173=ORIENTED_EDGE('',*,*,#744,.F.);
#1174=ORIENTED_EDGE('',*,*,#823,.F.);
#1175=ORIENTED_EDGE('',*,*,#815,.F.);
#1176=ORIENTED_EDGE('',*,*,#822,.T.);
#1177=ORIENTED_EDGE('',*,*,#736,.F.);
#1178=ORIENTED_EDGE('',*,*,#653,.T.);
#1179=ORIENTED_EDGE('',*,*,#675,.T.);
#1180=ORIENTED_EDGE('',*,*,#816,.F.);
#1181=ORIENTED_EDGE('',*,*,#823,.T.);
#1182=ORIENTED_EDGE('',*,*,#743,.F.);
#1183=ORIENTED_EDGE('',*,*,#824,.F.);
#1184=ORIENTED_EDGE('',*,*,#817,.F.);
#1185=ORIENTED_EDGE('',*,*,#824,.T.);
#1186=ORIENTED_EDGE('',*,*,#742,.F.);
#1187=ORIENTED_EDGE('',*,*,#825,.F.);
#1188=ORIENTED_EDGE('',*,*,#810,.F.);
#1189=ORIENTED_EDGE('',*,*,#825,.T.);
#1190=ORIENTED_EDGE('',*,*,#741,.F.);
#1191=ORIENTED_EDGE('',*,*,#818,.F.);
#1192=PLANE('',#1336);
#1193=PLANE('',#1337);
#1194=PLANE('',#1338);
#1195=PLANE('',#1339);
#1196=PLANE('',#1340);
#1197=PLANE('',#1341);
#1198=PLANE('',#1342);
#1199=PLANE('',#1343);
#1200=PLANE('',#1344);
#1201=PLANE('',#1345);
#1202=PLANE('',#1347);
#1203=PLANE('',#1348);
#1204=PLANE('',#1349);
#1205=PLANE('',#1350);
#1206=PLANE('',#1351);
#1207=PLANE('',#1352);
#1208=PLANE('',#1353);
#1209=PLANE('',#1354);
#1210=PLANE('',#1355);
#1211=PLANE('',#1356);
#1212=PLANE('',#1357);
#1213=PLANE('',#1358);
#1214=PLANE('',#1359);
#1215=PLANE('',#1365);
#1216=PLANE('',#1366);
#1217=PLANE('',#1367);
#1218=PLANE('',#1368);
#1219=PLANE('',#1369);
#1220=PLANE('',#1370);
#1221=PLANE('',#1371);
#1222=PLANE('',#1372);
#1223=PLANE('',#1373);
#1224=PLANE('',#1374);
#1225=PLANE('',#1375);
#1226=PLANE('',#1376);
#1227=PLANE('',#1377);
#1228=PLANE('',#1378);
#1229=PLANE('',#1379);
#1230=PLANE('',#1380);
#1231=PLANE('',#1381);
#1232=PLANE('',#1382);
#1233=PLANE('',#1383);
#1234=PLANE('',#1384);
#1235=PLANE('',#1385);
#1236=PLANE('',#1386);
#1237=PLANE('',#1387);
#1238=PLANE('',#1388);
#1239=PLANE('',#1389);
#1240=PLANE('',#1390);
#1241=PLANE('',#1391);
#1242=PLANE('',#1392);
#1243=PLANE('',#1393);
#1244=PLANE('',#1394);
#1245=PLANE('',#1395);
#1246=PLANE('',#1396);
#1247=PLANE('',#1397);
#1248=PLANE('',#1398);
#1249=PLANE('',#1399);
#1250=PLANE('',#1400);
#1251=PLANE('',#1406);
#1252=PLANE('',#1408);
#1253=PLANE('',#1410);
#1254=PLANE('',#1412);
#1255=ADVANCED_FACE('',(#37),#1192,.T.);
#1256=ADVANCED_FACE('',(#38),#1193,.T.);
#1257=ADVANCED_FACE('',(#39),#1194,.F.);
#1258=ADVANCED_FACE('',(#40),#1195,.F.);
#1259=ADVANCED_FACE('',(#41),#1196,.F.);
#1260=ADVANCED_FACE('',(#42),#1197,.F.);
#1261=ADVANCED_FACE('',(#43),#1198,.F.);
#1262=ADVANCED_FACE('',(#44),#1199,.F.);
#1263=ADVANCED_FACE('',(#45),#1200,.F.);
#1264=ADVANCED_FACE('',(#46),#1201,.F.);
#1265=ADVANCED_FACE('',(#47),#1202,.F.);
#1266=ADVANCED_FACE('',(#48),#1203,.F.);
#1267=ADVANCED_FACE('',(#49),#1204,.F.);
#1268=ADVANCED_FACE('',(#50),#1205,.F.);
#1269=ADVANCED_FACE('',(#51),#1206,.F.);
#1270=ADVANCED_FACE('',(#52),#1207,.F.);
#1271=ADVANCED_FACE('',(#53),#1208,.F.);
#1272=ADVANCED_FACE('',(#54),#1209,.F.);
#1273=ADVANCED_FACE('',(#55),#1210,.T.);
#1274=ADVANCED_FACE('',(#56),#1211,.T.);
#1275=ADVANCED_FACE('',(#57,#19),#1212,.F.);
#1276=ADVANCED_FACE('',(#58),#1213,.T.);
#1277=ADVANCED_FACE('',(#59),#1214,.T.);
#1278=ADVANCED_FACE('',(#60),#1215,.T.);
#1279=ADVANCED_FACE('',(#61),#1216,.T.);
#1280=ADVANCED_FACE('',(#62),#1217,.T.);
#1281=ADVANCED_FACE('',(#63),#1218,.T.);
#1282=ADVANCED_FACE('',(#64),#1219,.T.);
#1283=ADVANCED_FACE('',(#65),#1220,.T.);
#1284=ADVANCED_FACE('',(#66),#1221,.T.);
#1285=ADVANCED_FACE('',(#67),#1222,.T.);
#1286=ADVANCED_FACE('',(#68),#1223,.T.);
#1287=ADVANCED_FACE('',(#69),#1224,.T.);
#1288=ADVANCED_FACE('',(#70),#1225,.T.);
#1289=ADVANCED_FACE('',(#71),#1226,.T.);
#1290=ADVANCED_FACE('',(#72),#1227,.T.);
#1291=ADVANCED_FACE('',(#73),#1228,.T.);
#1292=ADVANCED_FACE('',(#74,#20,#21,#22),#1229,.T.);
#1293=ADVANCED_FACE('',(#75,#23,#24,#25),#1230,.F.);
#1294=ADVANCED_FACE('',(#76),#1231,.T.);
#1295=ADVANCED_FACE('',(#77),#1232,.T.);
#1296=ADVANCED_FACE('',(#78),#1233,.T.);
#1297=ADVANCED_FACE('',(#79),#1234,.T.);
#1298=ADVANCED_FACE('',(#80),#1235,.T.);
#1299=ADVANCED_FACE('',(#81),#1236,.T.);
#1300=ADVANCED_FACE('',(#82),#1237,.T.);
#1301=ADVANCED_FACE('',(#83),#1238,.T.);
#1302=ADVANCED_FACE('',(#84),#1239,.T.);
#1303=ADVANCED_FACE('',(#85),#1240,.T.);
#1304=ADVANCED_FACE('',(#86),#1241,.T.);
#1305=ADVANCED_FACE('',(#87),#1242,.F.);
#1306=ADVANCED_FACE('',(#88),#1243,.T.);
#1307=ADVANCED_FACE('',(#89),#1244,.F.);
#1308=ADVANCED_FACE('',(#90),#1245,.T.);
#1309=ADVANCED_FACE('',(#91),#1246,.F.);
#1310=ADVANCED_FACE('',(#92),#1247,.T.);
#1311=ADVANCED_FACE('',(#93),#1248,.F.);
#1312=ADVANCED_FACE('',(#94),#1249,.T.);
#1313=ADVANCED_FACE('',(#95,#26),#1250,.T.);
#1314=ADVANCED_FACE('',(#96),#15,.F.);
#1315=ADVANCED_FACE('',(#97),#1251,.F.);
#1316=ADVANCED_FACE('',(#98),#16,.F.);
#1317=ADVANCED_FACE('',(#99),#1252,.F.);
#1318=ADVANCED_FACE('',(#100),#17,.F.);
#1319=ADVANCED_FACE('',(#101),#1253,.F.);
#1320=ADVANCED_FACE('',(#102),#18,.F.);
#1321=ADVANCED_FACE('',(#103),#1254,.F.);
#1322=CLOSED_SHELL('',(#1255,#1256,#1257,#1258,#1259,#1260,#1261,#1262,
#1263,#1264,#1265,#1266,#1267,#1268,#1269,#1270,#1271,#1272,#1273,#1274,
#1275,#1276,#1277,#1278,#1279,#1280,#1281,#1282,#1283,#1284,#1285,#1286,
#1287,#1288,#1289,#1290,#1291,#1292,#1293,#1294,#1295,#1296,#1297,#1298,
#1299,#1300,#1301,#1302,#1303,#1304,#1305,#1306,#1307,#1308,#1309,#1310,
#1311,#1312,#1313,#1314,#1315,#1316,#1317,#1318,#1319,#1320,#1321));
#1323=DERIVED_UNIT_ELEMENT(#1325,1.);
#1324=DERIVED_UNIT_ELEMENT(#2116,-3.);
#1325=(
MASS_UNIT()
NAMED_UNIT(*)
SI_UNIT(.KILO.,.GRAM.)
);
#1326=DERIVED_UNIT((#1323,#1324));
#1327=MEASURE_REPRESENTATION_ITEM('density measure',
POSITIVE_RATIO_MEASURE(1060.),#1326);
#1328=PROPERTY_DEFINITION_REPRESENTATION(#1333,#1330);
#1329=PROPERTY_DEFINITION_REPRESENTATION(#1334,#1331);
#1330=REPRESENTATION('material name',(#1332),#2113);
#1331=REPRESENTATION('density',(#1327),#2113);
#1332=DESCRIPTIVE_REPRESENTATION_ITEM('ABS Plastic','ABS Plastic');
#1333=PROPERTY_DEFINITION('material property','material name',#2123);
#1334=PROPERTY_DEFINITION('material property','density of part',#2123);
#1335=AXIS2_PLACEMENT_3D('',#1742,#1413,#1414);
#1336=AXIS2_PLACEMENT_3D('',#1743,#1415,#1416);
#1337=AXIS2_PLACEMENT_3D('',#1752,#1421,#1422);
#1338=AXIS2_PLACEMENT_3D('',#1758,#1426,#1427);
#1339=AXIS2_PLACEMENT_3D('',#1767,#1432,#1433);
#1340=AXIS2_PLACEMENT_3D('',#1776,#1438,#1439);
#1341=AXIS2_PLACEMENT_3D('',#1782,#1443,#1444);
#1342=AXIS2_PLACEMENT_3D('',#1791,#1449,#1450);
#1343=AXIS2_PLACEMENT_3D('',#1797,#1454,#1455);
#1344=AXIS2_PLACEMENT_3D('',#1806,#1460,#1461);
#1345=AXIS2_PLACEMENT_3D('',#1812,#1465,#1466);
#1346=AXIS2_PLACEMENT_3D('',#1814,#1467,#1468);
#1347=AXIS2_PLACEMENT_3D('',#1820,#1472,#1473);
#1348=AXIS2_PLACEMENT_3D('',#1826,#1477,#1478);
#1349=AXIS2_PLACEMENT_3D('',#1830,#1481,#1482);
#1350=AXIS2_PLACEMENT_3D('',#1834,#1485,#1486);
#1351=AXIS2_PLACEMENT_3D('',#1838,#1489,#1490);
#1352=AXIS2_PLACEMENT_3D('',#1844,#1494,#1495);
#1353=AXIS2_PLACEMENT_3D('',#1846,#1497,#1498);
#1354=AXIS2_PLACEMENT_3D('',#1852,#1502,#1503);
#1355=AXIS2_PLACEMENT_3D('',#1854,#1505,#1506);
#1356=AXIS2_PLACEMENT_3D('',#1872,#1516,#1517);
#1357=AXIS2_PLACEMENT_3D('',#1887,#1526,#1527);
#1358=AXIS2_PLACEMENT_3D('',#1909,#1540,#1541);
#1359=AXIS2_PLACEMENT_3D('',#1921,#1548,#1549);
#1360=AXIS2_PLACEMENT_3D('',#1932,#1555,#1556);
#1361=AXIS2_PLACEMENT_3D('',#1936,#1558,#1559);
#1362=AXIS2_PLACEMENT_3D('',#1940,#1561,#1562);
#1363=AXIS2_PLACEMENT_3D('',#1944,#1564,#1565);
#1364=AXIS2_PLACEMENT_3D('',#1947,#1567,#1568);
#1365=AXIS2_PLACEMENT_3D('',#1948,#1569,#1570);
#1366=AXIS2_PLACEMENT_3D('',#1954,#1574,#1575);
#1367=AXIS2_PLACEMENT_3D('',#1958,#1578,#1579);
#1368=AXIS2_PLACEMENT_3D('',#1962,#1582,#1583);
#1369=AXIS2_PLACEMENT_3D('',#1966,#1586,#1587);
#1370=AXIS2_PLACEMENT_3D('',#1970,#1590,#1591);
#1371=AXIS2_PLACEMENT_3D('',#1977,#1595,#1596);
#1372=AXIS2_PLACEMENT_3D('',#1980,#1599,#1600);
#1373=AXIS2_PLACEMENT_3D('',#1984,#1603,#1604);
#1374=AXIS2_PLACEMENT_3D('',#1986,#1606,#1607);
#1375=AXIS2_PLACEMENT_3D('',#1992,#1611,#1612);
#1376=AXIS2_PLACEMENT_3D('',#1994,#1614,#1615);
#1377=AXIS2_PLACEMENT_3D('',#1996,#1617,#1618);
#1378=AXIS2_PLACEMENT_3D('',#1999,#1621,#1622);
#1379=AXIS2_PLACEMENT_3D('',#2002,#1625,#1626);
#1380=AXIS2_PLACEMENT_3D('',#2022,#1637,#1638);
#1381=AXIS2_PLACEMENT_3D('',#2046,#1653,#1654);
#1382=AXIS2_PLACEMENT_3D('',#2049,#1657,#1658);
#1383=AXIS2_PLACEMENT_3D('',#2051,#1660,#1661);
#1384=AXIS2_PLACEMENT_3D('',#2053,#1663,#1664);
#1385=AXIS2_PLACEMENT_3D('',#2054,#1665,#1666);
#1386=AXIS2_PLACEMENT_3D('',#2057,#1669,#1670);
#1387=AXIS2_PLACEMENT_3D('',#2059,#1672,#1673);
#1388=AXIS2_PLACEMENT_3D('',#2061,#1675,#1676);
#1389=AXIS2_PLACEMENT_3D('',#2062,#1677,#1678);
#1390=AXIS2_PLACEMENT_3D('',#2064,#1680,#1681);
#1391=AXIS2_PLACEMENT_3D('',#2065,#1682,#1683);
#1392=AXIS2_PLACEMENT_3D('',#2067,#1685,#1686);
#1393=AXIS2_PLACEMENT_3D('',#2068,#1687,#1688);
#1394=AXIS2_PLACEMENT_3D('',#2070,#1690,#1691);
#1395=AXIS2_PLACEMENT_3D('',#2071,#1692,#1693);
#1396=AXIS2_PLACEMENT_3D('',#2073,#1695,#1696);
#1397=AXIS2_PLACEMENT_3D('',#2074,#1697,#1698);
#1398=AXIS2_PLACEMENT_3D('',#2076,#1700,#1701);
#1399=AXIS2_PLACEMENT_3D('',#2077,#1702,#1703);
#1400=AXIS2_PLACEMENT_3D('',#2078,#1704,#1705);
#1401=AXIS2_PLACEMENT_3D('',#2083,#1707,#1708);
#1402=AXIS2_PLACEMENT_3D('',#2087,#1710,#1711);
#1403=AXIS2_PLACEMENT_3D('',#2091,#1713,#1714);
#1404=AXIS2_PLACEMENT_3D('',#2094,#1716,#1717);
#1405=AXIS2_PLACEMENT_3D('',#2095,#1718,#1719);
#1406=AXIS2_PLACEMENT_3D('',#2098,#1722,#1723);
#1407=AXIS2_PLACEMENT_3D('',#2100,#1725,#1726);
#1408=AXIS2_PLACEMENT_3D('',#2102,#1728,#1729);
#1409=AXIS2_PLACEMENT_3D('',#2104,#1731,#1732);
#1410=AXIS2_PLACEMENT_3D('',#2106,#1734,#1735);
#1411=AXIS2_PLACEMENT_3D('',#2108,#1737,#1738);
#1412=AXIS2_PLACEMENT_3D('',#2110,#1740,#1741);
#1413=DIRECTION('axis',(0.,0.,1.));
#1414=DIRECTION('refdir',(1.,0.,0.));
#1415=DIRECTION('center_axis',(-1.,0.,0.));
#1416=DIRECTION('ref_axis',(0.,0.,1.));
#1417=DIRECTION('',(0.,-1.,0.));
#1418=DIRECTION('',(0.,0.,-1.));
#1419=DIRECTION('',(0.,1.,0.));
#1420=DIRECTION('',(0.,0.,1.));
#1421=DIRECTION('center_axis',(0.,1.,0.));
#1422=DIRECTION('ref_axis',(-1.,0.,0.));
#1423=DIRECTION('',(-1.,0.,0.));
#1424=DIRECTION('',(0.,0.,1.));
#1425=DIRECTION('',(-1.,0.,0.));
#1426=DIRECTION('center_axis',(-1.,-1.03865388606941E-31,-4.71844785465691E-15));
#1427=DIRECTION('ref_axis',(1.40732772518957E-29,-1.,-2.96059473233375E-15));
#1428=DIRECTION('',(4.71844785465691E-15,3.1692361095455E-15,-1.));
#1429=DIRECTION('',(-2.10579831835401E-29,1.,4.44089209850063E-15));
#1430=DIRECTION('',(-4.71844785465691E-15,-2.96059473233375E-15,1.));
#1431=DIRECTION('',(0.,-1.,0.));
#1432=DIRECTION('center_axis',(-4.71844785465691E-15,-2.96059473233375E-15,
1.));
#1433=DIRECTION('ref_axis',(1.,0.,4.71844785465691E-15));
#1434=DIRECTION('',(1.40773677889701E-29,-1.,-2.96059473233375E-15));
#1435=DIRECTION('',(1.,7.76208129101468E-32,4.71844785465691E-15));
#1436=DIRECTION('',(-1.4013503612375E-29,1.,2.96059473233375E-15));
#1437=DIRECTION('',(1.,7.76208129101468E-32,4.71844785465691E-15));
#1438=DIRECTION('center_axis',(-1.49201209176544E-29,1.,3.14563190310461E-15));
#1439=DIRECTION('ref_axis',(-1.,-9.50709054365693E-31,-4.44089209850063E-15));
#1440=DIRECTION('',(-4.75385416431824E-15,-3.14563190310461E-15,1.));
#1441=DIRECTION('',(5.9211894646675E-15,3.14563190310461E-15,-1.));
#1442=DIRECTION('',(1.,9.5070905436569E-31,4.44089209850063E-15));
#1443=DIRECTION('center_axis',(-4.71844785465691E-15,-2.96059473233375E-15,
1.));
#1444=DIRECTION('ref_axis',(1.,0.,4.71844785465691E-15));
#1445=DIRECTION('',(1.,1.15452713882982E-31,4.71844785465691E-15));
#1446=DIRECTION('',(-1.40543646338463E-29,1.,2.96059473233375E-15));
#1447=DIRECTION('',(-1.,-2.33446053865075E-32,-4.71844785465691E-15));
#1448=DIRECTION('',(-1.40732772518957E-29,1.,2.96059473233375E-15));
#1449=DIRECTION('center_axis',(-1.,-1.03865388606941E-31,-4.71844785465691E-15));
#1450=DIRECTION('ref_axis',(1.40732772518957E-29,-1.,-2.96059473233375E-15));
#1451=DIRECTION('',(-4.71844785465691E-15,-3.1692361095455E-15,1.));
#1452=DIRECTION('',(4.71844785465691E-15,2.96059473233375E-15,-1.));
#1453=DIRECTION('',(-2.10579831835401E-29,1.,4.44089209850063E-15));
#1454=DIRECTION('center_axis',(-4.71844785465691E-15,-2.96059473233375E-15,
1.));
#1455=DIRECTION('ref_axis',(1.,0.,4.71844785465691E-15));
#1456=DIRECTION('',(-1.40773677889701E-29,1.,2.96059473233375E-15));
#1457=DIRECTION('',(-1.,-9.60986996468264E-32,-4.71844785465691E-15));
#1458=DIRECTION('',(1.4013503612375E-29,-1.,-2.96059473233375E-15));
#1459=DIRECTION('',(1.,9.60986996468264E-32,4.71844785465691E-15));
#1460=DIRECTION('center_axis',(1.46244747298675E-29,-1.,-3.07905830004708E-15));
#1461=DIRECTION('ref_axis',(1.,9.50709054365693E-31,4.44089209850063E-15));
#1462=DIRECTION('',(-4.75385416431824E-15,-3.07905830004708E-15,1.));
#1463=DIRECTION('',(4.44089209850063E-15,3.07905830004708E-15,-1.));
#1464=DIRECTION('',(-1.,-9.50709054365687E-31,-4.44089209850063E-15));
#1465=DIRECTION('center_axis',(-1.39927564686753E-29,1.,2.96059473233375E-15));
#1466=DIRECTION('ref_axis',(-1.,-8.45074714991728E-31,-4.44089209850063E-15));
#1467=DIRECTION('center_axis',(-1.39927564686753E-29,1.,2.96059473233375E-15));
#1468=DIRECTION('ref_axis',(1.,0.,4.99486841344651E-15));
#1469=DIRECTION('',(1.,8.45074714991723E-31,4.44089209850063E-15));
#1470=DIRECTION('',(-4.71844785465691E-15,-2.96059473233375E-15,1.));
#1471=DIRECTION('',(1.,2.33446053865075E-32,4.71844785465691E-15));
#1472=DIRECTION('center_axis',(-4.71844785465691E-15,-2.96059473233375E-15,
1.));
#1473=DIRECTION('ref_axis',(1.,0.,4.71844785465691E-15));
#1474=DIRECTION('',(-1.,-1.15452713882982E-31,-4.71844785465691E-15));
#1475=DIRECTION('',(0.,1.,0.));
#1476=DIRECTION('',(1.40921898699451E-29,-1.,-2.96059473233375E-15));
#1477=DIRECTION('center_axis',(1.,1.22778006656338E-31,4.71844785465691E-15));
#1478=DIRECTION('ref_axis',(-1.40921898699451E-29,1.,2.96059473233375E-15));
#1479=DIRECTION('',(-4.71844785465691E-15,-3.1692361095455E-15,1.));
#1480=DIRECTION('',(2.10768958015895E-29,-1.,-4.44089209850063E-15));
#1481=DIRECTION('center_axis',(1.,8.6582185869144E-31,4.44089209850063E-15));
#1482=DIRECTION('ref_axis',(-1.4013503612375E-29,1.,2.96059473233375E-15));
#1483=DIRECTION('',(-4.44089209850063E-15,-3.07905830004708E-15,1.));
#1484=DIRECTION('',(2.05873444892167E-29,-1.,-4.44089209850063E-15));
#1485=DIRECTION('center_axis',(-1.46244747298675E-29,1.,3.07905830004708E-15));
#1486=DIRECTION('ref_axis',(-1.,-9.50709054365693E-31,-4.44089209850063E-15));
#1487=DIRECTION('',(4.75385416431824E-15,3.07905830004708E-15,-1.));
#1488=DIRECTION('',(1.,9.50709054365687E-31,4.44089209850063E-15));
#1489=DIRECTION('center_axis',(1.49201209176544E-29,-1.,-3.14563190310461E-15));
#1490=DIRECTION('ref_axis',(1.,9.50709054365693E-31,4.44089209850063E-15));
#1491=DIRECTION('',(4.75385416431824E-15,3.14563190310461E-15,-1.));
#1492=DIRECTION('',(-1.,-9.5070905436569E-31,-4.44089209850063E-15));
#1493=DIRECTION('',(-5.9211894646675E-15,-3.14563190310461E-15,1.));
#1494=DIRECTION('center_axis',(-1.,3.51673872586973E-30,-5.9211894646675E-15));
#1495=DIRECTION('ref_axis',(1.4013503612375E-29,-1.,-2.96059473233375E-15));
#1496=DIRECTION('',(-2.27786247814973E-29,1.,4.44089209850063E-15));
#1497=DIRECTION('center_axis',(1.,8.49527705575402E-32,4.71844785465691E-15));
#1498=DIRECTION('ref_axis',(-1.40543646338463E-29,1.,2.96059473233375E-15));
#1499=DIRECTION('',(4.71844785465691E-15,3.1692361095455E-15,-1.));
#1500=DIRECTION('',(2.10390705654907E-29,-1.,-4.44089209850063E-15));
#1501=DIRECTION('',(-4.71844785465691E-15,-2.96059473233375E-15,1.));
#1502=DIRECTION('center_axis',(1.39927564686753E-29,-1.,-2.96059473233375E-15));
#1503=DIRECTION('ref_axis',(1.,8.45074714991728E-31,4.44089209850063E-15));
#1504=DIRECTION('',(-1.,-8.45074714991723E-31,-4.44089209850063E-15));
#1505=DIRECTION('center_axis',(1.,3.13219180660675E-33,4.75385416431824E-15));
#1506=DIRECTION('ref_axis',(-1.45600054594216E-29,1.,3.0621202848158E-15));
#1507=DIRECTION('',(2.11144855875518E-29,-1.,-4.44089209850063E-15));
#1508=DIRECTION('',(-4.75385416431824E-15,-3.1692361095455E-15,1.));
#1509=DIRECTION('',(3.13219180660675E-33,-1.,0.));
#1510=DIRECTION('',(4.75385416431824E-15,2.70105350245353E-15,-1.));
#1511=DIRECTION('',(3.13219180660675E-33,-1.,0.));
#1512=DIRECTION('',(-4.75385416431824E-15,-2.77308159585236E-15,1.));
#1513=DIRECTION('',(3.13219180660675E-33,-1.,0.));
#1514=DIRECTION('',(-4.75385416431824E-15,-3.1692361095455E-15,1.));
#1515=DIRECTION('',(2.11144855875518E-29,-1.,-4.44089209850063E-15));
#1516=DIRECTION('center_axis',(-1.50693280358692E-29,1.,3.1692361095455E-15));
#1517=DIRECTION('ref_axis',(-1.,0.,-4.75487704765243E-15));
#1518=DIRECTION('',(1.,9.95092438705694E-31,4.44089209850063E-15));
#1519=DIRECTION('',(1.,1.50693280358692E-29,0.));
#1520=DIRECTION('',(4.35769965062511E-15,3.1692361095455E-15,-1.));
#1521=DIRECTION('',(1.,1.50693280358692E-29,0.));
#1522=DIRECTION('',(-4.53776988412197E-15,-3.1692361095455E-15,1.));
#1523=DIRECTION('',(1.,1.50693280358692E-29,0.));
#1524=DIRECTION('',(-4.75385416431824E-15,-3.1692361095455E-15,1.));
#1525=DIRECTION('',(1.,9.95092438705694E-31,4.44089209850063E-15));
#1526=DIRECTION('center_axis',(-4.44089209850063E-15,-4.44089209850063E-15,
1.));
#1527=DIRECTION('ref_axis',(1.,0.,4.44089209850063E-15));
#1528=DIRECTION('',(0.707106781186548,0.707106781186548,6.2803698347351E-15));
#1529=DIRECTION('',(1.,9.93722364340297E-31,4.44089209850063E-15));
#1530=DIRECTION('',(0.707106781186548,-0.707106781186548,0.));
#1531=DIRECTION('',(2.11144982337503E-29,-1.,-4.44089209850063E-15));
#1532=DIRECTION('',(-0.707106781186548,-0.707106781186548,-6.2803698347351E-15));
#1533=DIRECTION('',(-1.,-9.93722364340297E-31,-4.44089209850063E-15));
#1534=DIRECTION('',(-0.707106781186548,0.707106781186548,0.));
#1535=DIRECTION('',(-2.11144982337503E-29,1.,4.44089209850063E-15));
#1536=DIRECTION('',(-1.,-9.95092438705694E-31,-4.44089209850063E-15));
#1537=DIRECTION('',(-2.11144855875518E-29,1.,4.44089209850063E-15));
#1538=DIRECTION('',(-2.11144855875518E-29,1.,4.44089209850063E-15));
#1539=DIRECTION('',(-1.,-9.95092438705694E-31,-4.44089209850063E-15));
#1540=DIRECTION('center_axis',(-1.,-3.13219180660675E-33,-4.75385416431824E-15));
#1541=DIRECTION('ref_axis',(1.45600054594216E-29,-1.,-3.0621202848158E-15));
#1542=DIRECTION('',(-3.13219180660675E-33,1.,0.));
#1543=DIRECTION('',(4.75385416431824E-15,3.38532038974177E-15,-1.));
#1544=DIRECTION('',(-3.13219180660675E-33,1.,0.));
#1545=DIRECTION('',(-4.75385416431824E-15,-2.08881470856412E-15,1.));
#1546=DIRECTION('',(-3.13219180660675E-33,1.,0.));
#1547=DIRECTION('',(4.75385416431824E-15,3.1692361095455E-15,-1.));
#1548=DIRECTION('center_axis',(1.50693280358692E-29,-1.,-3.1692361095455E-15));
#1549=DIRECTION('ref_axis',(1.,0.,4.75487704765243E-15));
#1550=DIRECTION('',(-1.,-1.50693280358692E-29,0.));
#1551=DIRECTION('',(3.67343276333687E-15,3.1692361095455E-15,-1.));
#1552=DIRECTION('',(-1.,-1.50693280358692E-29,0.));
#1553=DIRECTION('',(-5.22203677141021E-15,-3.1692361095455E-15,1.));
#1554=DIRECTION('',(-1.,-1.50693280358692E-29,0.));
#1555=DIRECTION('center_axis',(1.50693280358692E-29,-1.,-3.1692361095455E-15));
#1556=DIRECTION('ref_axis',(1.,0.,4.99486841344651E-15));
#1557=DIRECTION('',(1.,8.63966020098588E-31,4.48226686960467E-15));
#1558=DIRECTION('center_axis',(1.50693280358692E-29,-1.,-3.1692361095455E-15));
#1559=DIRECTION('ref_axis',(4.54078946676956E-15,0.,-1.));
#1560=DIRECTION('',(6.25477760352203E-15,3.1692361095455E-15,-1.));
#1561=DIRECTION('center_axis',(1.50693280358692E-29,-1.,-3.1692361095455E-15));
#1562=DIRECTION('ref_axis',(-1.,0.,-4.88134867677727E-15));
#1563=DIRECTION('',(-1.,7.75114212490324E-31,-4.99945150840521E-15));
#1564=DIRECTION('center_axis',(1.50693280358692E-29,-1.,-3.1692361095455E-15));
#1565=DIRECTION('ref_axis',(-4.76782894010803E-15,0.,1.));
#1566=DIRECTION('',(-4.10469780231131E-15,-3.1692361095455E-15,1.));
#1567=DIRECTION('center_axis',(1.50693280358692E-29,-1.,-3.1692361095455E-15));
#1568=DIRECTION('ref_axis',(1.,0.,4.99486841344651E-15));
#1569=DIRECTION('center_axis',(-1.,-3.14483800514695E-33,-4.75385416431824E-15));
#1570=DIRECTION('ref_axis',(1.46187913611762E-29,-1.,-3.07448357016797E-15));
#1571=DIRECTION('',(4.75385416431824E-15,3.1692361095455E-15,-1.));
#1572=DIRECTION('',(3.14483800514695E-33,-1.,0.));
#1573=DIRECTION('',(-4.75385416431824E-15,-3.1692361095455E-15,1.));
#1574=DIRECTION('center_axis',(-0.707106781186548,-0.707106781186548,-5.60247086060223E-15));
#1575=DIRECTION('ref_axis',(-7.92309027386374E-15,0.,1.));
#1576=DIRECTION('',(-4.75385416431824E-15,-3.1692361095455E-15,1.));
#1577=DIRECTION('',(-0.707106781186548,0.707106781186548,0.));
#1578=DIRECTION('center_axis',(1.50679579615038E-29,-1.,-3.1692361095455E-15));
#1579=DIRECTION('ref_axis',(1.,3.91663184835742E-32,4.74208645981112E-15));
#1580=DIRECTION('',(4.75385416431824E-15,3.1692361095455E-15,-1.));
#1581=DIRECTION('',(1.,1.50679579615038E-29,0.));
#1582=DIRECTION('center_axis',(0.707106781186548,-0.707106781186548,1.12049417212045E-15));
#1583=DIRECTION('ref_axis',(1.58461805477275E-15,0.,-1.));
#1584=DIRECTION('',(-4.75385416431824E-15,-3.1692361095455E-15,1.));
#1585=DIRECTION('',(-0.707106781186548,-0.707106781186548,-5.2336415289459E-16));
#1586=DIRECTION('center_axis',(0.577350269189626,-0.577350269189627,0.577350269189624));
#1587=DIRECTION('ref_axis',(0.707106781186546,0.,-0.707106781186549));
#1588=DIRECTION('',(8.37382644631343E-15,0.70710678118655,0.707106781186545));
#1589=DIRECTION('',(0.707106781186544,-4.18691322315675E-15,-0.707106781186551));
#1590=DIRECTION('center_axis',(0.57735026918963,0.57735026918963,0.577350269189618));
#1591=DIRECTION('ref_axis',(0.70710678118654,0.,-0.707106781186555));
#1592=DIRECTION('',(-0.707106781186544,8.37382644631351E-15,0.707106781186551));
#1593=DIRECTION('',(0.707106781186548,-0.707106781186548,0.));
#1594=DIRECTION('',(-8.37382644631351E-15,0.707106781186544,-0.707106781186551));
#1595=DIRECTION('center_axis',(0.707106781186548,0.707106781186548,5.60247086060223E-15));
#1596=DIRECTION('ref_axis',(7.92309027386374E-15,0.,-1.));
#1597=DIRECTION('',(-4.75385416431824E-15,-3.1692361095455E-15,1.));
#1598=DIRECTION('',(4.75385416431824E-15,3.1692361095455E-15,-1.));
#1599=DIRECTION('center_axis',(-0.577350269189623,-0.577350269189623,0.577350269189631));
#1600=DIRECTION('ref_axis',(0.707106781186552,0.,0.707106781186543));
#1601=DIRECTION('',(0.70710678118655,4.18691322315671E-15,0.707106781186545));
#1602=DIRECTION('',(-4.18691322315671E-15,-0.70710678118655,-0.707106781186545));
#1603=DIRECTION('center_axis',(1.06546552532131E-29,-0.707106781186545,
0.70710678118655));
#1604=DIRECTION('ref_axis',(1.,0.,-1.50679579615036E-29));
#1605=DIRECTION('',(-1.,-1.50679579615038E-29,0.));
#1606=DIRECTION('center_axis',(-0.577350269189627,0.577350269189626,0.577350269189624));
#1607=DIRECTION('ref_axis',(0.707106781186546,0.,0.707106781186549));
#1608=DIRECTION('',(4.18691322315675E-15,-0.707106781186544,0.707106781186551));
#1609=DIRECTION('',(0.707106781186548,0.707106781186548,5.2336415289459E-16));
#1610=DIRECTION('',(-0.70710678118655,-8.37382644631343E-15,-0.707106781186545));
#1611=DIRECTION('center_axis',(-0.707106781186548,0.707106781186548,-1.12049417212045E-15));
#1612=DIRECTION('ref_axis',(-1.58461805477275E-15,0.,1.));
#1613=DIRECTION('',(4.75385416431824E-15,3.1692361095455E-15,-1.));
#1614=DIRECTION('center_axis',(-0.707106781186545,-2.22373627917258E-33,
0.70710678118655));
#1615=DIRECTION('ref_axis',(0.70710678118655,0.,0.707106781186545));
#1616=DIRECTION('',(-3.14483800514695E-33,1.,0.));
#1617=DIRECTION('center_axis',(-1.06546552532132E-29,0.707106781186551,
0.707106781186544));
#1618=DIRECTION('ref_axis',(1.,0.,1.50679579615039E-29));
#1619=DIRECTION('',(1.,1.50679579615038E-29,0.));
#1620=DIRECTION('',(-1.,-1.50679579615038E-29,0.));
#1621=DIRECTION('center_axis',(0.707106781186551,2.22373627917259E-33,0.707106781186544));
#1622=DIRECTION('ref_axis',(0.707106781186544,0.,-0.707106781186551));
#1623=DIRECTION('',(3.14483800514695E-33,-1.,0.));
#1624=DIRECTION('',(-3.14483800514695E-33,1.,0.));
#1625=DIRECTION('center_axis',(0.,0.,1.));
#1626=DIRECTION('ref_axis',(1.,0.,0.));
#1627=DIRECTION('',(-1.,0.,2.42157856607268E-32));
#1628=DIRECTION('',(0.,1.,8.49131579839361E-48));
#1629=DIRECTION('',(1.,0.,3.11983374103364E-31));
#1630=DIRECTION('',(0.,-1.,-3.41036557746308E-31));
#1631=DIRECTION('',(-1.,0.,1.20537633237748E-50));
#1632=DIRECTION('',(0.,1.,0.));
#1633=DIRECTION('',(1.,-1.48773604639887E-16,3.35697308567129E-49));
#1634=DIRECTION('',(0.,-1.,-3.47751071890904E-49));
#1635=DIRECTION('',(0.,1.,0.));
#1636=DIRECTION('',(1.,0.,0.));
#1637=DIRECTION('center_axis',(0.,0.,1.));
#1638=DIRECTION('ref_axis',(-1.,0.,0.));
#1639=DIRECTION('',(-0.707106781186548,0.707106781186548,-1.12049417212045E-15));
#1640=DIRECTION('',(0.707106781186548,0.707106781186548,5.60247086060223E-15));
#1641=DIRECTION('',(0.707106781186548,-0.707106781186548,1.12049417212045E-15));
#1642=DIRECTION('',(-0.707106781186548,-0.707106781186548,-5.60247086060223E-15));
#1643=DIRECTION('',(-1.,0.,2.42157856607268E-32));
#1644=DIRECTION('',(0.,-1.,-3.41036557746308E-31));
#1645=DIRECTION('',(1.,0.,3.11983374103364E-31));
#1646=DIRECTION('',(0.,1.,8.49131579839361E-48));
#1647=DIRECTION('',(-1.,0.,1.20537633237748E-50));
#1648=DIRECTION('',(0.,-1.,-3.47751071890904E-49));
#1649=DIRECTION('',(1.,-1.48773604639887E-16,3.35697308567129E-49));
#1650=DIRECTION('',(0.,1.,0.));
#1651=DIRECTION('',(1.,0.,0.));
#1652=DIRECTION('',(0.,1.,0.));
#1653=DIRECTION('center_axis',(-1.,0.,0.));
#1654=DIRECTION('ref_axis',(0.,-1.,-3.41036557746308E-31));
#1655=DIRECTION('',(0.,0.,1.));
#1656=DIRECTION('',(0.,0.,1.));
#1657=DIRECTION('center_axis',(0.,-1.,0.));
#1658=DIRECTION('ref_axis',(1.,0.,3.11983374103364E-31));
#1659=DIRECTION('',(0.,0.,1.));
#1660=DIRECTION('center_axis',(1.,0.,0.));
#1661=DIRECTION('ref_axis',(0.,1.,8.49131579839361E-48));
#1662=DIRECTION('',(0.,0.,1.));
#1663=DIRECTION('center_axis',(0.,1.,0.));
#1664=DIRECTION('ref_axis',(-1.,0.,2.42157856607268E-32));
#1665=DIRECTION('center_axis',(-1.,0.,0.));
#1666=DIRECTION('ref_axis',(0.,-1.,-3.47751071890904E-49));
#1667=DIRECTION('',(0.,0.,1.));
#1668=DIRECTION('',(0.,0.,1.));
#1669=DIRECTION('center_axis',(-1.48773604639887E-16,-1.,0.));
#1670=DIRECTION('ref_axis',(1.,-1.48773604639887E-16,3.35697308567129E-49));
#1671=DIRECTION('',(0.,0.,1.));
#1672=DIRECTION('center_axis',(1.,0.,0.));
#1673=DIRECTION('ref_axis',(0.,1.,0.));
#1674=DIRECTION('',(0.,0.,1.));
#1675=DIRECTION('center_axis',(0.,1.,0.));
#1676=DIRECTION('ref_axis',(-1.,0.,1.20537633237748E-50));
#1677=DIRECTION('center_axis',(0.,-1.,0.));
#1678=DIRECTION('ref_axis',(1.,0.,0.));
#1679=DIRECTION('',(0.,0.,1.));
#1680=DIRECTION('center_axis',(1.,0.,0.));
#1681=DIRECTION('ref_axis',(0.,1.,0.));
#1682=DIRECTION('center_axis',(0.707106781186548,0.707106781186548,5.32234731757216E-15));
#1683=DIRECTION('ref_axis',(0.707106781186548,-0.707106781186548,1.12049417212045E-15));
#1684=DIRECTION('',(0.707106781186548,-0.707106781186548,0.));
#1685=DIRECTION('center_axis',(0.,0.,1.));
#1686=DIRECTION('ref_axis',(1.,0.,0.));
#1687=DIRECTION('center_axis',(0.707106781186548,-0.707106781186548,1.45154926842877E-15));
#1688=DIRECTION('ref_axis',(-0.707106781186548,-0.707106781186548,-5.60247086060223E-15));
#1689=DIRECTION('',(-0.707106781186548,-0.707106781186548,0.));
#1690=DIRECTION('center_axis',(0.,0.,1.));
#1691=DIRECTION('ref_axis',(1.,0.,0.));
#1692=DIRECTION('center_axis',(-0.707106781186548,0.707106781186548,-9.67699512285847E-16));
#1693=DIRECTION('ref_axis',(0.707106781186548,0.707106781186548,5.60247086060223E-15));
#1694=DIRECTION('',(0.707106781186548,0.707106781186548,0.));
#1695=DIRECTION('center_axis',(0.,0.,1.));
#1696=DIRECTION('ref_axis',(1.,0.,0.));
#1697=DIRECTION('center_axis',(-0.707106781186548,-0.707106781186548,-4.83849756142923E-15));
#1698=DIRECTION('ref_axis',(-0.707106781186548,0.707106781186548,-1.12049417212045E-15));
#1699=DIRECTION('',(-0.707106781186548,0.707106781186548,0.));
#1700=DIRECTION('center_axis',(0.,0.,1.));
#1701=DIRECTION('ref_axis',(1.,0.,0.));
#1702=DIRECTION('center_axis',(1.,3.14483800514695E-33,4.75385416431824E-15));
#1703=DIRECTION('ref_axis',(-1.46187913611762E-29,1.,3.07448357016797E-15));
#1704=DIRECTION('center_axis',(-1.50679579615038E-29,1.,3.1692361095455E-15));
#1705=DIRECTION('ref_axis',(-1.,-3.91663184835742E-32,-4.74208645981112E-15));
#1706=DIRECTION('',(-1.,7.76484286855721E-31,-4.99945150840521E-15));
#1707=DIRECTION('center_axis',(1.50679579615038E-29,-1.,-3.1692361095455E-15));
#1708=DIRECTION('ref_axis',(-1.,0.,-4.88134867677727E-15));
#1709=DIRECTION('',(6.25477760352203E-15,3.1692361095455E-15,-1.));
#1710=DIRECTION('center_axis',(1.50679579615038E-29,-1.,-3.1692361095455E-15));
#1711=DIRECTION('ref_axis',(4.54078946676956E-15,0.,-1.));
#1712=DIRECTION('',(1.,8.62595945733191E-31,4.48226686960467E-15));
#1713=DIRECTION('center_axis',(1.50679579615038E-29,-1.,-3.1692361095455E-15));
#1714=DIRECTION('ref_axis',(1.,0.,4.99486841344651E-15));
#1715=DIRECTION('',(-4.10469780231131E-15,-3.1692361095455E-15,1.));
#1716=DIRECTION('center_axis',(1.50679579615038E-29,-1.,-3.1692361095455E-15));
#1717=DIRECTION('ref_axis',(-4.76782894010803E-15,0.,1.));
#1718=DIRECTION('center_axis',(0.,-1.,0.));
#1719=DIRECTION('ref_axis',(-1.,0.,-4.88134867677727E-15));
#1720=DIRECTION('',(0.,-1.,0.));
#1721=DIRECTION('',(0.,-1.,0.));
#1722=DIRECTION('center_axis',(-1.,0.,-6.25477760352203E-15));
#1723=DIRECTION('ref_axis',(6.25477760352203E-15,-4.71807299069705E-33,
-1.));
#1724=DIRECTION('',(0.,-1.,0.));
#1725=DIRECTION('center_axis',(0.,-1.,0.));
#1726=DIRECTION('ref_axis',(4.54078946676956E-15,0.,-1.));
#1727=DIRECTION('',(0.,-1.,0.));
#1728=DIRECTION('center_axis',(4.48226686960467E-15,0.,-1.));
#1729=DIRECTION('ref_axis',(1.,1.3700743653966E-33,4.48226686960467E-15));
#1730=DIRECTION('',(0.,-1.,0.));
#1731=DIRECTION('center_axis',(0.,-1.,0.));
#1732=DIRECTION('ref_axis',(1.,0.,4.99486841344651E-15));
#1733=DIRECTION('',(0.,-1.,0.));
#1734=DIRECTION('center_axis',(1.,0.,4.10469780231131E-15));
#1735=DIRECTION('ref_axis',(-4.10469780231131E-15,-2.81313968275617E-31,
1.));
#1736=DIRECTION('',(0.,-1.,0.));
#1737=DIRECTION('center_axis',(0.,-1.,0.));
#1738=DIRECTION('ref_axis',(-4.76782894010803E-15,0.,1.));
#1739=DIRECTION('',(0.,-1.,0.));
#1740=DIRECTION('center_axis',(-4.99945150840521E-15,0.,1.));
#1741=DIRECTION('ref_axis',(-1.,-1.37007436539655E-33,-4.99945150840521E-15));
#1742=CARTESIAN_POINT('',(0.,0.,0.));
#1743=CARTESIAN_POINT('Origin',(5.50399500000002,35.598917,7.40999999999976));
#1744=CARTESIAN_POINT('',(5.50399500000002,35.598917,7.40999999999976));
#1745=CARTESIAN_POINT('',(5.50399500000002,22.098917,7.40999999999976));
#1746=CARTESIAN_POINT('',(5.50399500000002,35.598917,7.40999999999976));
#1747=CARTESIAN_POINT('',(5.50399500000002,22.098917,9.40999999999976));
#1748=CARTESIAN_POINT('',(5.50399500000002,22.098917,7.40999999999976));
#1749=CARTESIAN_POINT('',(5.50399500000002,35.598917,9.40999999999976));
#1750=CARTESIAN_POINT('',(5.50399500000002,35.598917,9.40999999999976));
#1751=CARTESIAN_POINT('',(5.50399500000002,35.598917,7.40999999999976));
#1752=CARTESIAN_POINT('Origin',(8.40399500000002,22.098917,7.40999999999976));
#1753=CARTESIAN_POINT('',(-23.596005,22.098917,7.40999999999976));
#1754=CARTESIAN_POINT('',(8.40399500000002,22.098917,7.40999999999976));
#1755=CARTESIAN_POINT('',(-23.596005,22.098917,9.40999999999976));
#1756=CARTESIAN_POINT('',(-23.596005,22.098917,7.40999999999976));
#1757=CARTESIAN_POINT('',(8.40399500000002,22.098917,9.40999999999976));
#1758=CARTESIAN_POINT('Origin',(-2.19999999999996,43.000004484359,-6.40499999999992));
#1759=CARTESIAN_POINT('',(-2.19999999999996,41.75,-7.4049999999998));
#1760=CARTESIAN_POINT('',(-2.19999999999997,41.75,-5.59139077325444));
#1761=CARTESIAN_POINT('',(-2.19999999999996,41.75,-7.90499999999993));
#1762=CARTESIAN_POINT('',(-2.19999999999996,43.200004484359,-7.4049999999998));
#1763=CARTESIAN_POINT('',(-2.19999999999996,21.5000022421795,-7.40499999999989));
#1764=CARTESIAN_POINT('',(-2.19999999999997,43.200004484359,-5.59139077325444));
#1765=CARTESIAN_POINT('',(-2.19999999999996,43.200004484359,-6.40499999999992));
#1766=CARTESIAN_POINT('',(-2.19999999999997,44.9,-5.59139077325444));
#1767=CARTESIAN_POINT('Origin',(2.40363284831346E-14,1.71714494475358E-14,
-3.20500000000003));
#1768=CARTESIAN_POINT('',(-40.25,-4.19999999999998,-3.20500000000024));
#1769=CARTESIAN_POINT('',(-40.25,0.20000000000002,-3.20500000000022));
#1770=CARTESIAN_POINT('',(-40.25,-20.75,-3.20500000000029));
#1771=CARTESIAN_POINT('',(-42.1000044843589,-4.19999999999998,-3.20500000000025));
#1772=CARTESIAN_POINT('',(-20.9500022421795,-4.19999999999998,-3.20500000000015));
#1773=CARTESIAN_POINT('',(-42.1000044843589,0.200000000000019,-3.20500000000023));
#1774=CARTESIAN_POINT('',(-42.1000044843589,1.81474644255052E-14,-3.20500000000023));
#1775=CARTESIAN_POINT('',(-15.6365572421794,0.200000000000019,-3.20500000000011));
#1776=CARTESIAN_POINT('Origin',(-31.2731144843589,0.200000000000029,-6.40500000000017));
#1777=CARTESIAN_POINT('',(-40.25,0.200000000000033,-7.40500000000015));
#1778=CARTESIAN_POINT('',(-40.25,0.200000000000031,-7.90500000000023));
#1779=CARTESIAN_POINT('',(-42.1000044843589,0.200000000000032,-7.40500000000016));
#1780=CARTESIAN_POINT('',(-42.1000044843589,0.200000000000029,-6.40500000000023));
#1781=CARTESIAN_POINT('',(-15.6365572421794,0.200000000000032,-7.40500000000005));
#1782=CARTESIAN_POINT('Origin',(2.40363284831346E-14,1.71714494475358E-14,
-3.20500000000003));
#1783=CARTESIAN_POINT('',(2.20000000000003,-41.75,-3.20500000000015));
#1784=CARTESIAN_POINT('',(-2.19999999999997,-41.75,-3.20500000000017));
#1785=CARTESIAN_POINT('',(20.,-41.75,-3.20500000000006));
#1786=CARTESIAN_POINT('',(2.20000000000002,-43.2000044843589,-3.20500000000015));
#1787=CARTESIAN_POINT('',(2.20000000000002,-21.5000022421795,-3.20500000000009));
#1788=CARTESIAN_POINT('',(-2.19999999999998,-43.2000044843589,-3.20500000000017));
#1789=CARTESIAN_POINT('',(-0.999999999999976,-43.2000044843589,-3.20500000000017));
#1790=CARTESIAN_POINT('',(-2.19999999999998,-16.3865572421795,-3.20500000000009));
#1791=CARTESIAN_POINT('Origin',(-2.19999999999996,-32.7731144843589,-6.40500000000014));
#1792=CARTESIAN_POINT('',(-2.19999999999995,-41.75,-7.40500000000017));
#1793=CARTESIAN_POINT('',(-2.19999999999995,-41.75,-7.90500000000018));
#1794=CARTESIAN_POINT('',(-2.19999999999996,-43.2000044843589,-7.40500000000018));
#1795=CARTESIAN_POINT('',(-2.19999999999996,-43.2000044843589,-6.40500000000017));
#1796=CARTESIAN_POINT('',(-2.19999999999996,-16.3865572421794,-7.40500000000006));
#1797=CARTESIAN_POINT('Origin',(2.40363284831346E-14,1.71714494475358E-14,
-3.20500000000003));
#1798=CARTESIAN_POINT('',(40.25,0.20000000000002,-3.20499999999984));
#1799=CARTESIAN_POINT('',(40.25,-4.19999999999998,-3.20499999999986));
#1800=CARTESIAN_POINT('',(40.25,20.75,-3.20499999999978));
#1801=CARTESIAN_POINT('',(42.100004484359,0.200000000000019,-3.20499999999984));
#1802=CARTESIAN_POINT('',(20.9500022421795,0.200000000000019,-3.20499999999994));
#1803=CARTESIAN_POINT('',(42.100004484359,-4.19999999999998,-3.20499999999985));
#1804=CARTESIAN_POINT('',(42.100004484359,-1.99999999999998,-3.20499999999984));
#1805=CARTESIAN_POINT('',(15.6365572421795,-4.19999999999998,-3.20499999999997));
#1806=CARTESIAN_POINT('Origin',(31.273114484359,-4.19999999999997,-6.40499999999991));
#1807=CARTESIAN_POINT('',(40.25,-4.19999999999997,-7.40499999999982));
#1808=CARTESIAN_POINT('',(40.25,-4.19999999999997,-7.90499999999987));
#1809=CARTESIAN_POINT('',(42.100004484359,-4.19999999999997,-7.40499999999981));
#1810=CARTESIAN_POINT('',(42.100004484359,-4.19999999999997,-6.40499999999986));
#1811=CARTESIAN_POINT('',(15.6365572421795,-4.19999999999997,-7.40499999999993));
#1812=CARTESIAN_POINT('Origin',(2.00000000000004,43.200004484359,-6.4049999999999));
#1813=CARTESIAN_POINT('',(0.0394886990920811,43.200004484359,-3.20499999999991));
#1814=CARTESIAN_POINT('Origin',(-2.40500000000227,43.200004484359,-3.15500000000007));
#1815=CARTESIAN_POINT('',(2.20000000000005,43.200004484359,-7.40499999999977));
#1816=CARTESIAN_POINT('',(1.00000000000004,43.200004484359,-7.40499999999978));
#1817=CARTESIAN_POINT('',(2.20000000000003,43.200004484359,-3.2049999999999));
#1818=CARTESIAN_POINT('',(2.20000000000004,43.200004484359,-6.4049999999999));
#1819=CARTESIAN_POINT('',(1.00000000000003,43.200004484359,-3.2049999999999));
#1820=CARTESIAN_POINT('Origin',(2.40363284831346E-14,1.71714494475358E-14,
-3.20500000000003));
#1821=CARTESIAN_POINT('',(0.0394886990920795,41.75,-3.2049999999999));
#1822=CARTESIAN_POINT('',(2.20000000000002,41.75,-3.2049999999999));
#1823=CARTESIAN_POINT('',(-20.,41.75,-3.205));
#1824=CARTESIAN_POINT('',(0.0394886990920812,44.9,-3.2049999999999));
#1825=CARTESIAN_POINT('',(2.20000000000003,16.3865572421795,-3.20499999999998));
#1826=CARTESIAN_POINT('Origin',(2.20000000000004,32.773114484359,-6.40499999999993));
#1827=CARTESIAN_POINT('',(2.20000000000004,41.75,-7.40499999999978));
#1828=CARTESIAN_POINT('',(2.20000000000005,41.75,-7.90499999999991));
#1829=CARTESIAN_POINT('',(2.20000000000005,16.3865572421795,-7.40499999999989));
#1830=CARTESIAN_POINT('Origin',(42.100004484359,-3.99999999999997,-6.40499999999986));
#1831=CARTESIAN_POINT('',(42.100004484359,0.200000000000032,-7.40499999999979));
#1832=CARTESIAN_POINT('',(42.100004484359,0.200000000000029,-6.40499999999985));
#1833=CARTESIAN_POINT('',(42.100004484359,-1.99999999999997,-7.4049999999998));
#1834=CARTESIAN_POINT('Origin',(41.900004484359,0.200000000000029,-6.40499999999985));
#1835=CARTESIAN_POINT('',(40.25,0.200000000000033,-7.4049999999998));
#1836=CARTESIAN_POINT('',(40.2500000000001,0.200000000000031,-7.90499999999986));
#1837=CARTESIAN_POINT('',(20.9500022421795,0.200000000000032,-7.40499999999988));
#1838=CARTESIAN_POINT('Origin',(-41.9000044843589,-4.19999999999997,-6.40500000000023));
#1839=CARTESIAN_POINT('',(-40.25,-4.19999999999997,-7.40500000000018));
#1840=CARTESIAN_POINT('',(-40.25,-4.19999999999997,-7.90500000000024));
#1841=CARTESIAN_POINT('',(-42.1000044843589,-4.19999999999997,-7.40500000000018));
#1842=CARTESIAN_POINT('',(-20.9500022421794,-4.19999999999997,-7.40500000000009));
#1843=CARTESIAN_POINT('',(-42.1000044843589,-4.19999999999997,-6.40500000000024));
#1844=CARTESIAN_POINT('Origin',(-42.1000044843589,2.85973825469427E-14,
-6.40500000000022));
#1845=CARTESIAN_POINT('',(-42.1000044843589,2.98418136182232E-14,-7.40500000000016));
#1846=CARTESIAN_POINT('Origin',(2.20000000000004,-43.0000044843589,-6.40500000000015));
#1847=CARTESIAN_POINT('',(2.20000000000004,-41.75,-7.40500000000015));
#1848=CARTESIAN_POINT('',(2.20000000000005,-41.75,-7.90500000000016));
#1849=CARTESIAN_POINT('',(2.20000000000004,-43.2000044843589,-7.40500000000016));
#1850=CARTESIAN_POINT('',(2.20000000000004,-21.5000022421794,-7.40500000000006));
#1851=CARTESIAN_POINT('',(2.20000000000004,-43.2000044843589,-6.40500000000015));
#1852=CARTESIAN_POINT('Origin',(-1.99999999999996,-43.2000044843589,-6.40500000000017));
#1853=CARTESIAN_POINT('',(-0.999999999999956,-43.2000044843589,-7.40500000000017));
#1854=CARTESIAN_POINT('Origin',(-40.25,-41.5,-9.40500000000037));
#1855=CARTESIAN_POINT('',(-40.25,41.75,-7.40499999999997));
#1856=CARTESIAN_POINT('',(-40.25,-20.75,-7.40500000000025));
#1857=CARTESIAN_POINT('',(-40.25,41.75,1.51));
#1858=CARTESIAN_POINT('',(-40.25,41.75,-9.40500000000011));
#1859=CARTESIAN_POINT('',(-40.25,36.25,1.51));
#1860=CARTESIAN_POINT('',(-40.25,-20.75,1.51));
#1861=CARTESIAN_POINT('',(-40.25,36.25,7.40999999999988));
#1862=CARTESIAN_POINT('',(-40.25,36.25,-0.99750000000014));
#1863=CARTESIAN_POINT('',(-40.25,-36.25,7.40999999999965));
#1864=CARTESIAN_POINT('',(-40.25,-20.75,7.40999999999976));
#1865=CARTESIAN_POINT('',(-40.25,-36.25,1.51));
#1866=CARTESIAN_POINT('',(-40.25,-36.25,-0.997500000000354));
#1867=CARTESIAN_POINT('',(-40.25,-41.75,1.51));
#1868=CARTESIAN_POINT('',(-40.25,-20.75,1.51));
#1869=CARTESIAN_POINT('',(-40.25,-41.75,-7.40500000000034));
#1870=CARTESIAN_POINT('',(-40.25,-41.75,-9.40500000000037));
#1871=CARTESIAN_POINT('',(-40.25,-20.75,-7.40500000000025));
#1872=CARTESIAN_POINT('Origin',(40.0000000000001,-41.75,-9.40499999999999));
#1873=CARTESIAN_POINT('',(20.,-41.75,-7.40500000000007));
#1874=CARTESIAN_POINT('',(-34.75,-41.75,1.51));
#1875=CARTESIAN_POINT('',(20.,-41.75,1.51));
#1876=CARTESIAN_POINT('',(-34.75,-41.75,7.40999999999966));
#1877=CARTESIAN_POINT('',(-34.75,-41.75,-0.997500000000331));
#1878=CARTESIAN_POINT('',(34.75,-41.75,7.40999999999999));
#1879=CARTESIAN_POINT('',(20.,-41.75,7.40999999999976));
#1880=CARTESIAN_POINT('',(34.75,-41.75,1.51));
#1881=CARTESIAN_POINT('',(34.75,-41.75,-0.997500000000013));
#1882=CARTESIAN_POINT('',(40.25,-41.75,1.51));
#1883=CARTESIAN_POINT('',(20.,-41.75,1.51));
#1884=CARTESIAN_POINT('',(40.25,-41.75,-7.40499999999998));
#1885=CARTESIAN_POINT('',(40.2500000000001,-41.75,-9.40499999999999));
#1886=CARTESIAN_POINT('',(20.,-41.75,-7.40500000000007));
#1887=CARTESIAN_POINT('Origin',(4.44089209850059E-14,2.66453525910034E-14,
-7.40499999999998));
#1888=CARTESIAN_POINT('',(40.4,-44.9,-7.405));
#1889=CARTESIAN_POINT('',(43.4,-41.9,-7.40499999999997));
#1890=CARTESIAN_POINT('',(42.275,-43.025,-7.40499999999998));
#1891=CARTESIAN_POINT('',(-40.3999999999999,-44.9,-7.40500000000038));
#1892=CARTESIAN_POINT('',(-21.7,-44.9,-7.40500000000027));
#1893=CARTESIAN_POINT('',(-43.4,-41.9,-7.40500000000039));
#1894=CARTESIAN_POINT('',(-42.275,-43.025,-7.40500000000036));
#1895=CARTESIAN_POINT('',(-43.4,41.9,-7.40500000000013));
#1896=CARTESIAN_POINT('',(-43.4,22.45,-7.40500000000007));
#1897=CARTESIAN_POINT('',(-40.3999999999999,44.9,-7.4050000000001));
#1898=CARTESIAN_POINT('',(-42.275,43.025,-7.40499999999997));
#1899=CARTESIAN_POINT('',(40.4,44.9,-7.40499999999972));
#1900=CARTESIAN_POINT('',(21.7,44.9,-7.40499999999968));
#1901=CARTESIAN_POINT('',(43.4,41.9,-7.40499999999972));
#1902=CARTESIAN_POINT('',(42.275,43.025,-7.4049999999996));
#1903=CARTESIAN_POINT('',(43.4,-22.45,-7.40499999999988));
#1904=CARTESIAN_POINT('',(-20.,41.75,-7.40499999999988));
#1905=CARTESIAN_POINT('',(40.25,20.75,-7.40499999999971));
#1906=CARTESIAN_POINT('',(40.25,41.75,-7.40499999999961));
#1907=CARTESIAN_POINT('',(40.25,20.75,-7.40499999999971));
#1908=CARTESIAN_POINT('',(-20.,41.75,-7.40499999999988));
#1909=CARTESIAN_POINT('Origin',(40.2500000000001,41.5,-9.40499999999973));
#1910=CARTESIAN_POINT('',(40.25,-36.25,1.51));
#1911=CARTESIAN_POINT('',(40.25,20.75,1.51));
#1912=CARTESIAN_POINT('',(40.25,-36.25,7.41000000000003));
#1913=CARTESIAN_POINT('',(40.25,-36.25,-0.997499999999982));
#1914=CARTESIAN_POINT('',(40.25,36.25,7.41000000000026));
#1915=CARTESIAN_POINT('',(40.25,20.75,7.40999999999976));
#1916=CARTESIAN_POINT('',(40.25,36.25,1.51));
#1917=CARTESIAN_POINT('',(40.25,36.25,-0.997499999999741));
#1918=CARTESIAN_POINT('',(40.25,41.75,1.51));
#1919=CARTESIAN_POINT('',(40.25,20.75,1.51));
#1920=CARTESIAN_POINT('',(40.2500000000001,41.75,-9.40499999999973));
#1921=CARTESIAN_POINT('Origin',(-39.9999999999999,41.75,-9.40500000000011));
#1922=CARTESIAN_POINT('',(34.75,41.75,1.51));
#1923=CARTESIAN_POINT('',(-20.,41.75,1.51));
#1924=CARTESIAN_POINT('',(34.75,41.75,7.41000000000025));
#1925=CARTESIAN_POINT('',(34.75,41.75,-0.99749999999979));
#1926=CARTESIAN_POINT('',(-34.75,41.75,7.40999999999992));
#1927=CARTESIAN_POINT('',(-20.,41.75,7.40999999999976));
#1928=CARTESIAN_POINT('',(-34.75,41.75,1.51));
#1929=CARTESIAN_POINT('',(-34.75,41.75,-0.997500000000082));
#1930=CARTESIAN_POINT('',(-20.,41.75,1.51));
#1931=CARTESIAN_POINT('',(-2.40500000000226,41.75,-5.60000000000007));
#1932=CARTESIAN_POINT('Origin',(-2.40500000000227,41.75,-3.15500000000007));
#1933=CARTESIAN_POINT('',(-8.84500000000227,41.75,-5.6000000000001));
#1934=CARTESIAN_POINT('',(-24.4225000000011,41.75,-5.60000000000017));
#1935=CARTESIAN_POINT('',(-11.2900000000023,41.75,-3.15500000000011));
#1936=CARTESIAN_POINT('Origin',(-8.84500000000228,41.75,-3.1550000000001));
#1937=CARTESIAN_POINT('',(-11.2900000000023,41.75,-2.44500000000011));
#1938=CARTESIAN_POINT('',(-11.2900000000023,41.75,-5.92500000000002));
#1939=CARTESIAN_POINT('',(-8.84500000000229,41.75,-9.75608482889356E-14));
#1940=CARTESIAN_POINT('Origin',(-8.84500000000228,41.75,-2.4450000000001));
#1941=CARTESIAN_POINT('',(-2.40500000000229,41.75,-6.45317133063372E-14));
#1942=CARTESIAN_POINT('',(-21.2025000000011,41.75,-1.58206781009085E-13));
#1943=CARTESIAN_POINT('',(0.0399999999977233,41.75,-2.44500000000005));
#1944=CARTESIAN_POINT('Origin',(-2.40500000000228,41.75,-2.44500000000007));
#1945=CARTESIAN_POINT('',(0.0399999999977264,41.75,-3.15500000000005));
#1946=CARTESIAN_POINT('',(0.0399999999977374,41.75,-6.28));
#1947=CARTESIAN_POINT('Origin',(-2.40500000000227,41.75,-3.15500000000007));
#1948=CARTESIAN_POINT('Origin',(-43.3999999999999,44.9,-9.40500000000012));
#1949=CARTESIAN_POINT('',(-43.4,-41.9,6.40999999999976));
#1950=CARTESIAN_POINT('',(-43.3999999999999,-41.9,-9.40500000000039));
#1951=CARTESIAN_POINT('',(-43.4,41.9,6.40999999999976));
#1952=CARTESIAN_POINT('',(-43.4,22.45,6.40999999999976));
#1953=CARTESIAN_POINT('',(-43.3999999999999,41.9,-9.40500000000013));
#1954=CARTESIAN_POINT('Origin',(-41.8999999999999,-43.4,-9.40500000000039));
#1955=CARTESIAN_POINT('',(-40.4,-44.9,6.40999999999976));
#1956=CARTESIAN_POINT('',(-40.3999999999999,-44.9,-9.40500000000038));
#1957=CARTESIAN_POINT('',(-40.4,-44.9,6.40999999999976));
#1958=CARTESIAN_POINT('Origin',(-43.3999999999999,-44.9,-9.40500000000039));
#1959=CARTESIAN_POINT('',(40.4,-44.9,6.40999999999976));
#1960=CARTESIAN_POINT('',(40.4,-44.9,-9.405));
#1961=CARTESIAN_POINT('',(-21.7,-44.9,6.40999999999976));
#1962=CARTESIAN_POINT('Origin',(41.9,-43.4,-9.40499999999999));
#1963=CARTESIAN_POINT('',(43.4,-41.9,6.40999999999976));
#1964=CARTESIAN_POINT('',(43.4,-41.9,-9.40499999999997));
#1965=CARTESIAN_POINT('',(43.4,-41.9,6.40999999999976));
#1966=CARTESIAN_POINT('Origin',(43.4,-41.9,6.40999999999976));
#1967=CARTESIAN_POINT('',(40.4,-41.9,9.40999999999976));
#1968=CARTESIAN_POINT('',(40.4,-44.9,6.40999999999976));
#1969=CARTESIAN_POINT('',(40.4,-41.9,9.40999999999976));
#1970=CARTESIAN_POINT('Origin',(40.4,44.9,6.40999999999976));
#1971=CARTESIAN_POINT('',(43.4,41.9,6.40999999999976));
#1972=CARTESIAN_POINT('',(40.4,41.9,9.40999999999976));
#1973=CARTESIAN_POINT('',(43.4,41.9,6.40999999999976));
#1974=CARTESIAN_POINT('',(40.4,44.9,6.40999999999976));
#1975=CARTESIAN_POINT('',(40.4,44.9,6.40999999999976));
#1976=CARTESIAN_POINT('',(40.4,41.9,9.40999999999976));
#1977=CARTESIAN_POINT('Origin',(41.9,43.4,-9.40499999999971));
#1978=CARTESIAN_POINT('',(40.4,44.9,-9.40499999999972));
#1979=CARTESIAN_POINT('',(43.4,41.9,-9.40499999999971));
#1980=CARTESIAN_POINT('Origin',(-40.4,-44.9,6.40999999999976));
#1981=CARTESIAN_POINT('',(-40.4,-41.9,9.40999999999976));
#1982=CARTESIAN_POINT('',(-43.4,-41.9,6.40999999999976));
#1983=CARTESIAN_POINT('',(-40.4,-41.9,9.40999999999976));
#1984=CARTESIAN_POINT('Origin',(-21.7,-43.4,7.90999999999976));
#1985=CARTESIAN_POINT('',(-21.7,-41.9,9.40999999999976));
#1986=CARTESIAN_POINT('Origin',(-43.4,41.9,6.40999999999976));
#1987=CARTESIAN_POINT('',(-40.4,44.9,6.40999999999976));
#1988=CARTESIAN_POINT('',(-40.4,41.9,9.40999999999976));
#1989=CARTESIAN_POINT('',(-40.4,44.9,6.40999999999976));
#1990=CARTESIAN_POINT('',(-43.4,41.9,6.40999999999976));
#1991=CARTESIAN_POINT('',(-40.4,41.9,9.40999999999976));
#1992=CARTESIAN_POINT('Origin',(-41.8999999999999,43.4,-9.40500000000011));
#1993=CARTESIAN_POINT('',(-40.3999999999999,44.9,-9.4050000000001));
#1994=CARTESIAN_POINT('Origin',(-41.9,22.45,7.90999999999976));
#1995=CARTESIAN_POINT('',(-40.4,22.45,9.40999999999976));
#1996=CARTESIAN_POINT('Origin',(21.7,43.4,7.90999999999976));
#1997=CARTESIAN_POINT('',(21.7,41.9,9.40999999999976));
#1998=CARTESIAN_POINT('',(21.7,44.9,6.40999999999976));
#1999=CARTESIAN_POINT('Origin',(41.9,-22.45,7.90999999999976));
#2000=CARTESIAN_POINT('',(40.4,-22.45,9.40999999999976));
#2001=CARTESIAN_POINT('',(43.4,-22.45,6.40999999999976));
#2002=CARTESIAN_POINT('Origin',(8.88178419700125E-15,8.88178419700125E-15,
9.40999999999976));
#2003=CARTESIAN_POINT('',(28.0500000000001,22.05,9.40999999999976));
#2004=CARTESIAN_POINT('',(13.95,22.05,9.40999999999976));
#2005=CARTESIAN_POINT('',(13.95,22.05,9.40999999999976));
#2006=CARTESIAN_POINT('',(13.95,35.95,9.40999999999976));
#2007=CARTESIAN_POINT('',(13.95,35.95,9.40999999999976));
#2008=CARTESIAN_POINT('',(28.0500000000001,35.95,9.40999999999976));
#2009=CARTESIAN_POINT('',(28.0500000000001,35.95,9.40999999999976));
#2010=CARTESIAN_POINT('',(28.0500000000001,22.05,9.40999999999976));
#2011=CARTESIAN_POINT('',(30.26,-39.4,9.40999999999976));
#2012=CARTESIAN_POINT('',(-29.44,-39.4,9.40999999999976));
#2013=CARTESIAN_POINT('',(-29.44,-39.4,9.40999999999976));
#2014=CARTESIAN_POINT('',(-29.44,20.3000000000001,9.40999999999976));
#2015=CARTESIAN_POINT('',(-29.44,20.3000000000001,9.40999999999976));
#2016=CARTESIAN_POINT('',(30.26,20.3,9.40999999999976));
#2017=CARTESIAN_POINT('',(30.26,20.3,9.40999999999976));
#2018=CARTESIAN_POINT('',(30.26,-39.4,9.40999999999976));
#2019=CARTESIAN_POINT('',(-23.596005,35.598917,9.40999999999976));
#2020=CARTESIAN_POINT('',(-23.596005,22.098917,9.40999999999976));
#2021=CARTESIAN_POINT('',(-23.596005,35.598917,9.40999999999976));
#2022=CARTESIAN_POINT('Origin',(8.88178419700125E-15,8.88178419700125E-15,
7.40999999999976));
#2023=CARTESIAN_POINT('',(36.625,39.875,7.41000000000025));
#2024=CARTESIAN_POINT('',(39.125,-37.375,7.41000000000002));
#2025=CARTESIAN_POINT('',(-36.625,-39.875,7.40999999999965));
#2026=CARTESIAN_POINT('',(-39.125,37.375,7.40999999999988));
#2027=CARTESIAN_POINT('',(28.0500000000001,22.05,7.40999999999976));
#2028=CARTESIAN_POINT('',(13.95,22.05,7.40999999999976));
#2029=CARTESIAN_POINT('',(13.95,22.05,7.40999999999976));
#2030=CARTESIAN_POINT('',(28.0500000000001,35.95,7.40999999999976));
#2031=CARTESIAN_POINT('',(28.0500000000001,22.05,7.40999999999976));
#2032=CARTESIAN_POINT('',(13.95,35.95,7.40999999999976));
#2033=CARTESIAN_POINT('',(28.0500000000001,35.95,7.40999999999976));
#2034=CARTESIAN_POINT('',(13.95,35.95,7.40999999999976));
#2035=CARTESIAN_POINT('',(30.26,-39.4,7.40999999999976));
#2036=CARTESIAN_POINT('',(-29.44,-39.4,7.40999999999976));
#2037=CARTESIAN_POINT('',(-29.44,-39.4,7.40999999999976));
#2038=CARTESIAN_POINT('',(30.26,20.3,7.40999999999976));
#2039=CARTESIAN_POINT('',(30.26,-39.4,7.40999999999976));
#2040=CARTESIAN_POINT('',(-29.44,20.3000000000001,7.40999999999976));
#2041=CARTESIAN_POINT('',(30.26,20.3,7.40999999999976));
#2042=CARTESIAN_POINT('',(-29.44,20.3000000000001,7.40999999999976));
#2043=CARTESIAN_POINT('',(-23.596005,35.598917,7.40999999999976));
#2044=CARTESIAN_POINT('',(-23.596005,35.598917,7.40999999999976));
#2045=CARTESIAN_POINT('',(-23.596005,22.098917,7.40999999999976));
#2046=CARTESIAN_POINT('Origin',(28.0500000000001,35.95,7.40999999999976));
#2047=CARTESIAN_POINT('',(28.0500000000001,22.05,7.40999999999976));
#2048=CARTESIAN_POINT('',(28.0500000000001,35.95,7.40999999999976));
#2049=CARTESIAN_POINT('Origin',(13.95,35.95,7.40999999999976));
#2050=CARTESIAN_POINT('',(13.95,35.95,7.40999999999976));
#2051=CARTESIAN_POINT('Origin',(13.95,22.05,7.40999999999976));
#2052=CARTESIAN_POINT('',(13.95,22.05,7.40999999999976));
#2053=CARTESIAN_POINT('Origin',(28.0500000000001,22.05,7.40999999999976));
#2054=CARTESIAN_POINT('Origin',(30.26,20.3,7.40999999999976));
#2055=CARTESIAN_POINT('',(30.26,-39.4,7.40999999999976));
#2056=CARTESIAN_POINT('',(30.26,20.3,7.40999999999976));
#2057=CARTESIAN_POINT('Origin',(-29.44,20.3000000000001,7.40999999999976));
#2058=CARTESIAN_POINT('',(-29.44,20.3000000000001,7.40999999999976));
#2059=CARTESIAN_POINT('Origin',(-29.44,-39.4,7.40999999999976));
#2060=CARTESIAN_POINT('',(-29.44,-39.4,7.40999999999976));
#2061=CARTESIAN_POINT('Origin',(30.26,-39.4,7.40999999999976));
#2062=CARTESIAN_POINT('Origin',(-23.596005,35.598917,7.40999999999976));
#2063=CARTESIAN_POINT('',(-23.596005,35.598917,7.40999999999976));
#2064=CARTESIAN_POINT('Origin',(-23.596005,22.098917,7.40999999999976));
#2065=CARTESIAN_POINT('Origin',(-40.,-36.5,7.40999999999965));
#2066=CARTESIAN_POINT('',(-39.125,-37.375,1.51));
#2067=CARTESIAN_POINT('Origin',(-8.12024059104971E-16,3.02941286410571E-16,
1.51));
#2068=CARTESIAN_POINT('Origin',(-35.,41.5,7.40999999999992));
#2069=CARTESIAN_POINT('',(-36.625,39.875,1.51));
#2070=CARTESIAN_POINT('Origin',(-8.12024059104971E-16,3.02941286410571E-16,
1.51));
#2071=CARTESIAN_POINT('Origin',(35.,-41.5,7.40999999999999));
#2072=CARTESIAN_POINT('',(36.625,-39.875,1.51));
#2073=CARTESIAN_POINT('Origin',(-8.12024059104971E-16,3.02941286410571E-16,
1.51));
#2074=CARTESIAN_POINT('Origin',(40.,36.5,7.41000000000026));
#2075=CARTESIAN_POINT('',(39.125,37.375,1.51));
#2076=CARTESIAN_POINT('Origin',(-8.12024059104971E-16,3.02941286410571E-16,
1.51));
#2077=CARTESIAN_POINT('Origin',(43.4,-44.9,-9.40499999999998));
#2078=CARTESIAN_POINT('Origin',(43.4,44.9,-9.40499999999971));
#2079=CARTESIAN_POINT('',(-2.40500000000229,44.9,-6.46704911844154E-14));
#2080=CARTESIAN_POINT('',(-8.84500000000229,44.9,-9.74220704108575E-14));
#2081=CARTESIAN_POINT('',(20.4974999999989,44.9,4.9960036108132E-14));
#2082=CARTESIAN_POINT('',(-11.2900000000023,44.9,-2.44500000000011));
#2083=CARTESIAN_POINT('Origin',(-8.84500000000228,44.9,-2.4450000000001));
#2084=CARTESIAN_POINT('',(-11.2900000000023,44.9,-3.15500000000011));
#2085=CARTESIAN_POINT('',(-11.2900000000023,44.9,-5.92500000000008));
#2086=CARTESIAN_POINT('',(-8.84500000000227,44.9,-5.6000000000001));
#2087=CARTESIAN_POINT('Origin',(-8.84500000000228,44.9,-3.1550000000001));
#2088=CARTESIAN_POINT('',(-2.40500000000226,44.9,-5.60000000000007));
#2089=CARTESIAN_POINT('',(17.2774999999989,44.9,-5.59999999999998));
#2090=CARTESIAN_POINT('',(0.0399999999977252,44.9,-3.15500000000005));
#2091=CARTESIAN_POINT('Origin',(-2.40500000000227,44.9,-3.15500000000007));
#2092=CARTESIAN_POINT('',(0.0399999999977224,44.9,-2.44500000000005));
#2093=CARTESIAN_POINT('',(0.0399999999977352,44.9,-6.27999999999997));
#2094=CARTESIAN_POINT('Origin',(-2.40500000000228,44.9,-2.44500000000007));
#2095=CARTESIAN_POINT('Origin',(-8.84500000000228,44.9,-2.4450000000001));
#2096=CARTESIAN_POINT('',(-8.84500000000229,44.9,-9.74220704108575E-14));
#2097=CARTESIAN_POINT('',(-11.2900000000023,44.9,-2.44500000000011));
#2098=CARTESIAN_POINT('Origin',(-11.2900000000023,44.9,-2.44500000000011));
#2099=CARTESIAN_POINT('',(-11.2900000000023,44.9,-3.15500000000011));
#2100=CARTESIAN_POINT('Origin',(-8.84500000000228,44.9,-3.1550000000001));
#2101=CARTESIAN_POINT('',(-8.84500000000227,44.9,-5.6000000000001));
#2102=CARTESIAN_POINT('Origin',(-8.84500000000227,44.9,-5.6000000000001));
#2103=CARTESIAN_POINT('',(-2.40500000000226,44.9,-5.60000000000007));
#2104=CARTESIAN_POINT('Origin',(-2.40500000000227,44.9,-3.15500000000007));
#2105=CARTESIAN_POINT('',(0.0399999999977252,44.9,-3.15500000000005));
#2106=CARTESIAN_POINT('Origin',(0.0399999999977253,44.9,-3.15500000000005));
#2107=CARTESIAN_POINT('',(0.0399999999977224,44.9,-2.44500000000005));
#2108=CARTESIAN_POINT('Origin',(-2.40500000000228,44.9,-2.44500000000007));
#2109=CARTESIAN_POINT('',(-2.40500000000229,44.9,-6.46704911844154E-14));
#2110=CARTESIAN_POINT('Origin',(-2.40500000000229,44.9,-6.46704911844154E-14));
#2111=UNCERTAINTY_MEASURE_WITH_UNIT(LENGTH_MEASURE(0.01),#2115,
'DISTANCE_ACCURACY_VALUE',
'Maximum model space distance between geometric entities at asserted c
onnectivities');
#2112=UNCERTAINTY_MEASURE_WITH_UNIT(LENGTH_MEASURE(0.01),#2115,
'DISTANCE_ACCURACY_VALUE',
'Maximum model space distance between geometric entities at asserted c
onnectivities');
#2113=(
GEOMETRIC_REPRESENTATION_CONTEXT(3)
GLOBAL_UNCERTAINTY_ASSIGNED_CONTEXT((#2111))
GLOBAL_UNIT_ASSIGNED_CONTEXT((#2115,#2117,#2118))
REPRESENTATION_CONTEXT('','3D')
);
#2114=(
GEOMETRIC_REPRESENTATION_CONTEXT(3)
GLOBAL_UNCERTAINTY_ASSIGNED_CONTEXT((#2112))
GLOBAL_UNIT_ASSIGNED_CONTEXT((#2115,#2117,#2118))
REPRESENTATION_CONTEXT('','3D')
);
#2115=(
LENGTH_UNIT()
NAMED_UNIT(*)
SI_UNIT(.MILLI.,.METRE.)
);
#2116=(
LENGTH_UNIT()
NAMED_UNIT(*)
SI_UNIT($,.METRE.)
);
#2117=(
NAMED_UNIT(*)
PLANE_ANGLE_UNIT()
SI_UNIT($,.RADIAN.)
);
#2118=(
NAMED_UNIT(*)
SI_UNIT($,.STERADIAN.)
SOLID_ANGLE_UNIT()
);
#2119=SHAPE_DEFINITION_REPRESENTATION(#2120,#2121);
#2120=PRODUCT_DEFINITION_SHAPE('',$,#2123);
#2121=SHAPE_REPRESENTATION('',(#1335),#2113);
#2122=PRODUCT_DEFINITION_CONTEXT('part definition',#2127,'design');
#2123=PRODUCT_DEFINITION('case top','case top',#2124,#2122);
#2124=PRODUCT_DEFINITION_FORMATION('',$,#2129);
#2125=PRODUCT_RELATED_PRODUCT_CATEGORY('case top','case top',(#2129));
#2126=APPLICATION_PROTOCOL_DEFINITION('international standard',
'automotive_design',2009,#2127);
#2127=APPLICATION_CONTEXT(
'Core Data for Automotive Mechanical Design Process');
#2128=PRODUCT_CONTEXT('part definition',#2127,'mechanical');
#2129=PRODUCT('case top','case top',$,(#2128));
#2130=PRESENTATION_STYLE_ASSIGNMENT((#2132));
#2131=PRESENTATION_STYLE_ASSIGNMENT((#2133));
#2132=SURFACE_STYLE_USAGE(.BOTH.,#2134);
#2133=SURFACE_STYLE_USAGE(.BOTH.,#2135);
#2134=SURFACE_SIDE_STYLE('',(#2136));
#2135=SURFACE_SIDE_STYLE('',(#2137));
#2136=SURFACE_STYLE_FILL_AREA(#2138);
#2137=SURFACE_STYLE_FILL_AREA(#2139);
#2138=FILL_AREA_STYLE('ABS (White)',(#2140));
#2139=FILL_AREA_STYLE('Nylon 12 (with Formlabs Fuse 1 3D Printer)',(#2141));
#2140=FILL_AREA_STYLE_COLOUR('ABS (White)',#2142);
#2141=FILL_AREA_STYLE_COLOUR(
'Nylon 12 (with Formlabs Fuse 1 3D Printer)',#2143);
#2142=COLOUR_RGB('ABS (White)',0.964705882352941,0.964705882352941,0.952941176470588);
#2143=COLOUR_RGB('Nylon 12 (with Formlabs Fuse 1 3D Printer)',0.247058823529412,
0.247058823529412,0.247058823529412);
ENDSEC;
END-ISO-10303-21;
